/*
SQLyog Ultimate v12.4.1 (64 bit)
MySQL - 10.4.32-MariaDB : Database - gbook
*********************************************************************
*/

/*!40101 SET NAMES utf8 */;

/*!40101 SET SQL_MODE=''*/;

/*!40014 SET @OLD_UNIQUE_CHECKS=@@UNIQUE_CHECKS, UNIQUE_CHECKS=0 */;
/*!40014 SET @OLD_FOREIGN_KEY_CHECKS=@@FOREIGN_KEY_CHECKS, FOREIGN_KEY_CHECKS=0 */;
/*!40101 SET @OLD_SQL_MODE=@@SQL_MODE, SQL_MODE='NO_AUTO_VALUE_ON_ZERO' */;
/*!40111 SET @OLD_SQL_NOTES=@@SQL_NOTES, SQL_NOTES=0 */;
CREATE DATABASE /*!32312 IF NOT EXISTS*/`gbook` /*!40100 DEFAULT CHARACTER SET utf8mb4 COLLATE utf8mb4_general_ci */;

USE `gbook`;

/*Table structure for table `cache` */

DROP TABLE IF EXISTS `cache`;

CREATE TABLE `cache` (
  `key` varchar(255) NOT NULL,
  `value` mediumtext NOT NULL,
  `expiration` int(11) NOT NULL,
  PRIMARY KEY (`key`)
) ENGINE=InnoDB DEFAULT CHARSET=utf8mb4 COLLATE=utf8mb4_unicode_ci;

/*Data for the table `cache` */

insert  into `cache`(`key`,`value`,`expiration`) values 
('spatie.permission.cache','a:3:{s:5:\"alias\";a:5:{s:1:\"a\";s:2:\"id\";s:1:\"b\";s:4:\"name\";s:1:\"c\";s:10:\"guard_name\";s:1:\"r\";s:5:\"roles\";s:1:\"j\";s:7:\"host_id\";}s:11:\"permissions\";a:23:{i:0;a:4:{s:1:\"a\";i:1;s:1:\"b\";s:9:\"role-list\";s:1:\"c\";s:3:\"web\";s:1:\"r\";a:1:{i:0;i:2;}}i:1;a:4:{s:1:\"a\";i:2;s:1:\"b\";s:11:\"role-create\";s:1:\"c\";s:3:\"web\";s:1:\"r\";a:1:{i:0;i:2;}}i:2;a:4:{s:1:\"a\";i:3;s:1:\"b\";s:9:\"role-edit\";s:1:\"c\";s:3:\"web\";s:1:\"r\";a:1:{i:0;i:2;}}i:3;a:4:{s:1:\"a\";i:4;s:1:\"b\";s:11:\"role-delete\";s:1:\"c\";s:3:\"web\";s:1:\"r\";a:1:{i:0;i:2;}}i:4;a:4:{s:1:\"a\";i:5;s:1:\"b\";s:9:\"room-list\";s:1:\"c\";s:3:\"web\";s:1:\"r\";a:3:{i:0;i:2;i:1;i:3;i:2;i:5;}}i:5;a:4:{s:1:\"a\";i:6;s:1:\"b\";s:9:\"room-view\";s:1:\"c\";s:3:\"web\";s:1:\"r\";a:2:{i:0;i:2;i:1;i:4;}}i:6;a:4:{s:1:\"a\";i:7;s:1:\"b\";s:11:\"room-create\";s:1:\"c\";s:3:\"web\";s:1:\"r\";a:2:{i:0;i:2;i:1;i:3;}}i:7;a:4:{s:1:\"a\";i:8;s:1:\"b\";s:9:\"room-edit\";s:1:\"c\";s:3:\"web\";s:1:\"r\";a:2:{i:0;i:2;i:1;i:3;}}i:8;a:4:{s:1:\"a\";i:9;s:1:\"b\";s:11:\"room-delete\";s:1:\"c\";s:3:\"web\";s:1:\"r\";a:2:{i:0;i:2;i:1;i:3;}}i:9;a:4:{s:1:\"a\";i:10;s:1:\"b\";s:12:\"booking-edit\";s:1:\"c\";s:3:\"web\";s:1:\"r\";a:3:{i:0;i:2;i:1;i:3;i:2;i:6;}}i:10;a:4:{s:1:\"a\";i:11;s:1:\"b\";s:18:\"booking-edit-rates\";s:1:\"c\";s:3:\"web\";s:1:\"r\";a:4:{i:0;i:2;i:1;i:3;i:2;i:5;i:3;i:6;}}i:11;a:4:{s:1:\"a\";i:12;s:1:\"b\";s:16:\"booking-edit-pax\";s:1:\"c\";s:3:\"web\";s:1:\"r\";a:4:{i:0;i:2;i:1;i:3;i:2;i:5;i:3;i:6;}}i:12;a:4:{s:1:\"a\";i:13;s:1:\"b\";s:18:\"booking-edit-dates\";s:1:\"c\";s:3:\"web\";s:1:\"r\";a:4:{i:0;i:2;i:1;i:3;i:2;i:5;i:3;i:6;}}i:13;a:4:{s:1:\"a\";i:14;s:1:\"b\";s:24:\"booking-edit-description\";s:1:\"c\";s:3:\"web\";s:1:\"r\";a:4:{i:0;i:2;i:1;i:3;i:2;i:5;i:3;i:6;}}i:14;a:4:{s:1:\"a\";i:15;s:1:\"b\";s:23:\"booking-edit-prepayment\";s:1:\"c\";s:3:\"web\";s:1:\"r\";a:4:{i:0;i:2;i:1;i:3;i:2;i:5;i:3;i:6;}}i:15;a:4:{s:1:\"a\";i:16;s:1:\"b\";s:21:\"booking-edit-discount\";s:1:\"c\";s:3:\"web\";s:1:\"r\";a:4:{i:0;i:2;i:1;i:3;i:2;i:5;i:3;i:6;}}i:16;a:4:{s:1:\"a\";i:17;s:1:\"b\";s:12:\"booking-list\";s:1:\"c\";s:3:\"web\";s:1:\"r\";a:4:{i:0;i:2;i:1;i:3;i:2;i:5;i:3;i:6;}}i:17;a:4:{s:1:\"a\";i:18;s:1:\"b\";s:14:\"booking-create\";s:1:\"c\";s:3:\"web\";s:1:\"r\";a:3:{i:0;i:2;i:1;i:3;i:2;i:6;}}i:18;a:4:{s:1:\"a\";i:19;s:1:\"b\";s:14:\"booking-delete\";s:1:\"c\";s:3:\"web\";s:1:\"r\";a:2:{i:0;i:2;i:1;i:3;}}i:19;a:4:{s:1:\"a\";i:20;s:1:\"b\";s:11:\"user-create\";s:1:\"c\";s:3:\"web\";s:1:\"r\";a:1:{i:0;i:2;}}i:20;a:4:{s:1:\"a\";i:21;s:1:\"b\";s:9:\"user-edit\";s:1:\"c\";s:3:\"web\";s:1:\"r\";a:1:{i:0;i:2;}}i:21;a:4:{s:1:\"a\";i:22;s:1:\"b\";s:11:\"user-delete\";s:1:\"c\";s:3:\"web\";s:1:\"r\";a:1:{i:0;i:2;}}i:22;a:4:{s:1:\"a\";i:23;s:1:\"b\";s:9:\"user-list\";s:1:\"c\";s:3:\"web\";s:1:\"r\";a:1:{i:0;i:2;}}}s:5:\"roles\";a:5:{i:0;a:4:{s:1:\"a\";i:2;s:1:\"b\";s:5:\"Admin\";s:1:\"c\";s:3:\"web\";s:1:\"j\";i:0;}i:1;a:4:{s:1:\"a\";i:3;s:1:\"b\";s:13:\"Hotel Manager\";s:1:\"c\";s:3:\"web\";s:1:\"j\";i:0;}i:2;a:4:{s:1:\"a\";i:5;s:1:\"b\";s:18:\"Receptionist Lvl 1\";s:1:\"c\";s:3:\"web\";s:1:\"j\";i:0;}i:3;a:4:{s:1:\"a\";i:4;s:1:\"b\";s:4:\"User\";s:1:\"c\";s:3:\"web\";s:1:\"j\";i:0;}i:4;a:4:{s:1:\"a\";i:6;s:1:\"b\";s:18:\"Receptionist Lvl 2\";s:1:\"c\";s:3:\"web\";s:1:\"j\";i:111;}}}',1732106356);

/*Table structure for table `cache_locks` */

DROP TABLE IF EXISTS `cache_locks`;

CREATE TABLE `cache_locks` (
  `key` varchar(255) NOT NULL,
  `owner` varchar(255) NOT NULL,
  `expiration` int(11) NOT NULL,
  PRIMARY KEY (`key`)
) ENGINE=InnoDB DEFAULT CHARSET=utf8mb4 COLLATE=utf8mb4_unicode_ci;

/*Data for the table `cache_locks` */

/*Table structure for table `currencies` */

DROP TABLE IF EXISTS `currencies`;

CREATE TABLE `currencies` (
  `id` bigint(20) unsigned NOT NULL AUTO_INCREMENT,
  `currency_code` varchar(255) NOT NULL,
  `currency_name` varchar(255) NOT NULL,
  `currency_country` varchar(255) NOT NULL,
  `currency_symbol` varchar(255) DEFAULT NULL,
  PRIMARY KEY (`id`),
  KEY `currency_code` (`currency_code`),
  KEY `currency_name` (`currency_name`),
  KEY `currency_country` (`currency_country`),
  KEY `currency_symbol` (`currency_symbol`)
) ENGINE=InnoDB AUTO_INCREMENT=267 DEFAULT CHARSET=utf8mb4 COLLATE=utf8mb4_unicode_ci;

/*Data for the table `currencies` */

insert  into `currencies`(`id`,`currency_code`,`currency_name`,`currency_country`,`currency_symbol`) values 
(1,'AFN','Afghani','Afghanistan','؋'),
(2,'EUR','Euro','Åland Islands','€'),
(3,'ALL','Lek','Albania','Lek'),
(4,'DZD','Algerian Dinar','Algeria',NULL),
(5,'USD','US Dollar','American Samoa','$'),
(6,'EUR','Euro','Andorra','€'),
(7,'AOA','Kwanza','Angola',NULL),
(8,'XCD','East Caribbean Dollar','Anguilla',NULL),
(9,'XCD','East Caribbean Dollar','Antigua And Barbuda',NULL),
(10,'ARS','Argentine Peso','Argentina','$'),
(11,'AMD','Armenian Dram','Armenia',NULL),
(12,'AWG','Aruban Florin','Aruba',NULL),
(13,'AUD','Australian Dollar','Australia','$'),
(14,'EUR','Euro','Austria','€'),
(15,'AZN','Azerbaijan Manat','Azerbaijan',NULL),
(16,'BSD','Bahamian Dollar','Bahamas','$'),
(17,'BHD','Bahraini Dinar','Bahrain',NULL),
(18,'BDT','Taka','Bangladesh','৳'),
(19,'BBD','Barbados Dollar','Barbados','$'),
(20,'BYN','Belarusian Ruble','Belarus',NULL),
(21,'EUR','Euro','Belgium','€'),
(22,'BZD','Belize Dollar','Belize','BZ$'),
(23,'XOF','CFA Franc BCEAO','Benin',NULL),
(24,'BMD','Bermudian Dollar','Bermuda',NULL),
(25,'INR','Indian Rupee','Bhutan','₹'),
(26,'BTN','Ngultrum','Bhutan',NULL),
(27,'BOB','Boliviano','Bolivia',NULL),
(28,'BOV','Mvdol','Bolivia',NULL),
(29,'USD','US Dollar','Bonaire, Sint Eustatius And Saba','$'),
(30,'BAM','Convertible Mark','Bosnia And Herzegovina',NULL),
(31,'BWP','Pula','Botswana',NULL),
(32,'NOK','Norwegian Krone','Bouvet Island',NULL),
(33,'BRL','Brazilian Real','Brazil','R$'),
(34,'USD','US Dollar','British Indian Ocean Territory','$'),
(35,'BND','Brunei Dollar','Brunei Darussalam',NULL),
(36,'BGN','Bulgarian Lev','Bulgaria','лв'),
(37,'XOF','CFA Franc BCEAO','Burkina Faso',NULL),
(38,'BIF','Burundi Franc','Burundi',NULL),
(39,'CVE','Cabo Verde Escudo','Cabo Verde',NULL),
(40,'KHR','Riel','Cambodia','៛'),
(41,'XAF','CFA Franc BEAC','Cameroon',NULL),
(42,'CAD','Canadian Dollar','Canada','$'),
(43,'KYD','Cayman Islands Dollar','Cayman Islands',NULL),
(44,'XAF','CFA Franc BEAC','Central African Republic',NULL),
(45,'XAF','CFA Franc BEAC','Chad',NULL),
(46,'CLP','Chilean Peso','Chile','$'),
(47,'CLF','Unidad de Fomento','Chile',NULL),
(48,'CNY','Yuan Renminbi','China','¥'),
(49,'AUD','Australian Dollar','Christmas Island',NULL),
(50,'AUD','Australian Dollar','Cocos (keeling) Islands',NULL),
(51,'COP','Colombian Peso','Colombia','$'),
(52,'COU','Unidad de Valor Real','Colombia',NULL),
(53,'KMF','Comorian Franc ','Comoros',NULL),
(54,'CDF','Congolese Franc','Congo (the Democratic Republic Of The)',NULL),
(55,'XAF','CFA Franc BEAC','Congo',NULL),
(56,'NZD','New Zealand Dollar','Cook Islands','$'),
(57,'CRC','Costa Rican Colon','Costa Rica',NULL),
(58,'XOF','CFA Franc BCEAO','Côte D\'ivoire',NULL),
(59,'HRK','Kuna','Croatia','kn'),
(60,'CUP','Cuban Peso','Cuba',NULL),
(61,'CUC','Peso Convertible','Cuba',NULL),
(62,'ANG','Netherlands Antillean Guilder','Curaçao',NULL),
(63,'EUR','Euro','Cyprus','€'),
(64,'CZK','Czech Koruna','Czechia','Kč'),
(65,'DKK','Danish Krone','Denmark','kr'),
(66,'DJF','Djibouti Franc','Djibouti',NULL),
(67,'XCD','East Caribbean Dollar','Dominica',NULL),
(68,'DOP','Dominican Peso','Dominican Republic',NULL),
(69,'USD','US Dollar','Ecuador','$'),
(70,'EGP','Egyptian Pound','Egypt',NULL),
(71,'SVC','El Salvador Colon','El Salvador',NULL),
(72,'USD','US Dollar','El Salvador','$'),
(73,'XAF','CFA Franc BEAC','Equatorial Guinea',NULL),
(74,'ERN','Nakfa','Eritrea',NULL),
(75,'EUR','Euro','Estonia','€'),
(76,'SZL','Lilangeni','Eswatini',NULL),
(77,'ETB','Ethiopian Birr','Ethiopia',NULL),
(78,'EUR','Euro','European Union','€'),
(79,'FKP','Falkland Islands Pound','Falkland Islands [Malvinas]',NULL),
(80,'DKK','Danish Krone','Faroe Islands',NULL),
(81,'FJD','Fiji Dollar','Fiji',NULL),
(82,'EUR','Euro','Finland','€'),
(83,'EUR','Euro','France','€'),
(84,'EUR','Euro','French Guiana','€'),
(85,'XPF','CFP Franc','French Polynesia',NULL),
(86,'EUR','Euro','French Southern Territories','€'),
(87,'XAF','CFA Franc BEAC','Gabon',NULL),
(88,'GMD','Dalasi','Gambia',NULL),
(89,'GEL','Lari','Georgia','₾'),
(90,'EUR','Euro','Germany','€'),
(91,'GHS','Ghana Cedi','Ghana',NULL),
(92,'GIP','Gibraltar Pound','Gibraltar',NULL),
(93,'EUR','Euro','Greece','€'),
(94,'DKK','Danish Krone','Greenland',NULL),
(95,'XCD','East Caribbean Dollar','Grenada',NULL),
(96,'EUR','Euro','Guadeloupe','€'),
(97,'USD','US Dollar','Guam','$'),
(98,'GTQ','Quetzal','Guatemala',NULL),
(99,'GBP','Pound Sterling','Guernsey','£'),
(100,'GNF','Guinean Franc','Guinea',NULL),
(101,'XOF','CFA Franc BCEAO','Guinea-bissau',NULL),
(102,'GYD','Guyana Dollar','Guyana',NULL),
(103,'HTG','Gourde','Haiti',NULL),
(104,'USD','US Dollar','Haiti','$'),
(105,'AUD','Australian Dollar','Heard Island And Mcdonald Islands',NULL),
(106,'EUR','Euro','Holy See (Vatican)','€'),
(107,'HNL','Lempira','Honduras',NULL),
(108,'HKD','Hong Kong Dollar','Hong Kong','$'),
(109,'HUF','Forint','Hungary','ft'),
(110,'ISK','Iceland Krona','Iceland',NULL),
(111,'INR','Indian Rupee','India','₹'),
(112,'IDR','Rupiah','Indonesia','Rp'),
(113,'XDR','SDR (Special Drawing Right)','International Monetary Fund (IMF)',NULL),
(114,'IRR','Iranian Rial','Iran',NULL),
(115,'IQD','Iraqi Dinar','Iraq',NULL),
(116,'EUR','Euro','Ireland','€'),
(117,'GBP','Pound Sterling','Isle Of Man','£'),
(118,'ILS','New Israeli Sheqel','Israel','₪'),
(119,'EUR','Euro','Italy','€'),
(120,'JMD','Jamaican Dollar','Jamaica',NULL),
(121,'JPY','Yen','Japan','¥'),
(122,'GBP','Pound Sterling','Jersey','£'),
(123,'JOD','Jordanian Dinar','Jordan',NULL),
(124,'KZT','Tenge','Kazakhstan',NULL),
(125,'KES','Kenyan Shilling','Kenya','Ksh'),
(126,'AUD','Australian Dollar','Kiribati',NULL),
(127,'KPW','North Korean Won','Korea (the Democratic People’s Republic Of)',NULL),
(128,'KRW','Won','Korea (the Republic Of)','₩'),
(129,'KWD','Kuwaiti Dinar','Kuwait',NULL),
(130,'KGS','Som','Kyrgyzstan',NULL),
(131,'LAK','Lao Kip','Lao People’s Democratic Republic',NULL),
(132,'EUR','Euro','Latvia','€'),
(133,'LBP','Lebanese Pound','Lebanon',NULL),
(134,'LSL','Loti','Lesotho',NULL),
(135,'ZAR','Rand','Lesotho',NULL),
(136,'LRD','Liberian Dollar','Liberia',NULL),
(137,'LYD','Libyan Dinar','Libya',NULL),
(138,'CHF','Swiss Franc','Liechtenstein',NULL),
(139,'EUR','Euro','Lithuania','€'),
(140,'EUR','Euro','Luxembourg','€'),
(141,'MOP','Pataca','Macao',NULL),
(142,'MKD','Denar','North Macedonia',NULL),
(143,'MGA','Malagasy Ariary','Madagascar',NULL),
(144,'MWK','Malawi Kwacha','Malawi',NULL),
(145,'MYR','Malaysian Ringgit','Malaysia','RM'),
(146,'MVR','Rufiyaa','Maldives',NULL),
(147,'XOF','CFA Franc BCEAO','Mali',NULL),
(148,'EUR','Euro','Malta','€'),
(149,'USD','US Dollar','Marshall Islands','$'),
(150,'EUR','Euro','Martinique','€'),
(151,'MRU','Ouguiya','Mauritania',NULL),
(152,'MUR','Mauritius Rupee','Mauritius',NULL),
(153,'EUR','Euro','Mayotte','€'),
(154,'XUA','ADB Unit of Account','Member Countries Of The African Development Bank Group',NULL),
(155,'MXN','Mexican Peso','Mexico','$'),
(156,'MXV','Mexican Unidad de Inversion (UDI)','Mexico',NULL),
(157,'USD','US Dollar','Micronesia','$'),
(158,'MDL','Moldovan Leu','Moldova',NULL),
(159,'EUR','Euro','Monaco','€'),
(160,'MNT','Tugrik','Mongolia',NULL),
(161,'EUR','Euro','Montenegro','€'),
(162,'XCD','East Caribbean Dollar','Montserrat',NULL),
(163,'MAD','Moroccan Dirham','Morocco',' .د.م '),
(164,'MZN','Mozambique Metical','Mozambique',NULL),
(165,'MMK','Kyat','Myanmar',NULL),
(166,'NAD','Namibia Dollar','Namibia',NULL),
(167,'ZAR','Rand','Namibia',NULL),
(168,'AUD','Australian Dollar','Nauru',NULL),
(169,'NPR','Nepalese Rupee','Nepal',NULL),
(170,'EUR','Euro','Netherlands','€'),
(171,'XPF','CFP Franc','New Caledonia',NULL),
(172,'NZD','New Zealand Dollar','New Zealand','$'),
(173,'NIO','Cordoba Oro','Nicaragua',NULL),
(174,'XOF','CFA Franc BCEAO','Niger',NULL),
(175,'NGN','Naira','Nigeria','₦'),
(176,'NZD','New Zealand Dollar','Niue','$'),
(177,'AUD','Australian Dollar','Norfolk Island',NULL),
(178,'USD','US Dollar','Northern Mariana Islands','$'),
(179,'NOK','Norwegian Krone','Norway','kr'),
(180,'OMR','Rial Omani','Oman',NULL),
(181,'PKR','Pakistan Rupee','Pakistan','Rs'),
(182,'USD','US Dollar','Palau','$'),
(183,'PAB','Balboa','Panama',NULL),
(184,'USD','US Dollar','Panama','$'),
(185,'PGK','Kina','Papua New Guinea',NULL),
(186,'PYG','Guarani','Paraguay',NULL),
(187,'PEN','Sol','Peru','S'),
(188,'PHP','Philippine Peso','Philippines','₱'),
(189,'NZD','New Zealand Dollar','Pitcairn','$'),
(190,'PLN','Zloty','Poland','zł'),
(191,'EUR','Euro','Portugal','€'),
(192,'USD','US Dollar','Puerto Rico','$'),
(193,'QAR','Qatari Rial','Qatar',NULL),
(194,'EUR','Euro','Réunion','€'),
(195,'RON','Romanian Leu','Romania','lei'),
(196,'RUB','Russian Ruble','Russian Federation','₽'),
(197,'RWF','Rwanda Franc','Rwanda',NULL),
(198,'EUR','Euro','Saint Barthélemy','€'),
(199,'SHP','Saint Helena Pound','Saint Helena, Ascension And Tristan Da Cunha',NULL),
(200,'XCD','East Caribbean Dollar','Saint Kitts And Nevis',NULL),
(201,'XCD','East Caribbean Dollar','Saint Lucia',NULL),
(202,'EUR','Euro','Saint Martin (French Part)','€'),
(203,'EUR','Euro','Saint Pierre And Miquelon','€'),
(204,'XCD','East Caribbean Dollar','Saint Vincent And The Grenadines',NULL),
(205,'WST','Tala','Samoa',NULL),
(206,'EUR','Euro','San Marino','€'),
(207,'STN','Dobra','Sao Tome And Principe',NULL),
(208,'SAR','Saudi Riyal','Saudi Arabia',NULL),
(209,'XOF','CFA Franc BCEAO','Senegal',NULL),
(210,'RSD','Serbian Dinar','Serbia',NULL),
(211,'SCR','Seychelles Rupee','Seychelles',NULL),
(212,'SLL','Leone','Sierra Leone',NULL),
(213,'SGD','Singapore Dollar','Singapore','$'),
(214,'ANG','Netherlands Antillean Guilder','Sint Maarten (Dutch Part)',NULL),
(215,'XSU','Sucre','Sistema Unitario De Compensacion Regional De Pagos \"sucre\"\"\"',NULL),
(216,'EUR','Euro','Slovakia','€'),
(217,'EUR','Euro','Slovenia','€'),
(218,'SBD','Solomon Islands Dollar','Solomon Islands',NULL),
(219,'SOS','Somali Shilling','Somalia',NULL),
(220,'ZAR','Rand','South Africa','R'),
(221,'SSP','South Sudanese Pound','South Sudan',NULL),
(222,'EUR','Euro','Spain','€'),
(223,'LKR','Sri Lanka Rupee','Sri Lanka','Rs'),
(224,'SDG','Sudanese Pound','Sudan (the)',NULL),
(225,'SRD','Surinam Dollar','Suriname',NULL),
(226,'NOK','Norwegian Krone','Svalbard And Jan Mayen',NULL),
(227,'SEK','Swedish Krona','Sweden','kr'),
(228,'CHF','Swiss Franc','Switzerland',NULL),
(229,'CHE','WIR Euro','Switzerland',NULL),
(230,'CHW','WIR Franc','Switzerland',NULL),
(231,'SYP','Syrian Pound','Syrian Arab Republic',NULL),
(232,'TWD','New Taiwan Dollar','Taiwan',NULL),
(233,'TJS','Somoni','Tajikistan',NULL),
(234,'TZS','Tanzanian Shilling','Tanzania, United Republic Of',NULL),
(235,'THB','Baht','Thailand','฿'),
(236,'USD','US Dollar','Timor-leste','$'),
(237,'XOF','CFA Franc BCEAO','Togo',NULL),
(238,'NZD','New Zealand Dollar','Tokelau','$'),
(239,'TOP','Pa’anga','Tonga',NULL),
(240,'TTD','Trinidad and Tobago Dollar','Trinidad And Tobago',NULL),
(241,'TND','Tunisian Dinar','Tunisia',NULL),
(242,'TRY','Turkish Lira','Turkey','₺'),
(243,'TMT','Turkmenistan New Manat','Turkmenistan',NULL),
(244,'USD','US Dollar','Turks And Caicos Islands','$'),
(245,'AUD','Australian Dollar','Tuvalu',NULL),
(246,'UGX','Uganda Shilling','Uganda',NULL),
(247,'UAH','Hryvnia','Ukraine','₴'),
(248,'AED','UAE Dirham','United Arab Emirates','د.إ'),
(249,'GBP','Pound Sterling','United Kingdom Of Great Britain And Northern Ireland','£'),
(250,'USD','US Dollar','United States Minor Outlying Islands','$'),
(251,'USD','US Dollar','United States Of America','$'),
(252,'USN','US Dollar (Next day)','United States Of America',NULL),
(253,'UYU','Peso Uruguayo','Uruguay',NULL),
(254,'UYI','Uruguay Peso en Unidades Indexadas (UI)','Uruguay',NULL),
(255,'UYW','Unidad Previsional','Uruguay',NULL),
(256,'UZS','Uzbekistan Sum','Uzbekistan',NULL),
(257,'VUV','Vatu','Vanuatu',NULL),
(258,'VES','Bolívar Soberano','Venezuela',NULL),
(259,'VND','Dong','Vietnam','₫'),
(260,'USD','US Dollar','Virgin Islands (British)','$'),
(261,'USD','US Dollar','Virgin Islands (U.S.)','$'),
(262,'XPF','CFP Franc','Wallis And Futuna',NULL),
(263,'MAD','Moroccan Dirham','Western Sahara',NULL),
(264,'YER','Yemeni Rial','Yemen',NULL),
(265,'ZMW','Zambian Kwacha','Zambia',NULL),
(266,'ZWL','Zimbabwe Dollar','Zimbabwe',NULL);

/*Table structure for table `failed_jobs` */

DROP TABLE IF EXISTS `failed_jobs`;

CREATE TABLE `failed_jobs` (
  `id` bigint(20) unsigned NOT NULL AUTO_INCREMENT,
  `uuid` varchar(255) NOT NULL,
  `connection` text NOT NULL,
  `queue` text NOT NULL,
  `payload` longtext NOT NULL,
  `exception` longtext NOT NULL,
  `failed_at` timestamp NOT NULL DEFAULT current_timestamp(),
  PRIMARY KEY (`id`),
  UNIQUE KEY `failed_jobs_uuid_unique` (`uuid`)
) ENGINE=InnoDB DEFAULT CHARSET=utf8mb4 COLLATE=utf8mb4_unicode_ci;

/*Data for the table `failed_jobs` */

/*Table structure for table `hosts` */

DROP TABLE IF EXISTS `hosts`;

CREATE TABLE `hosts` (
  `id` bigint(20) unsigned NOT NULL AUTO_INCREMENT,
  `user_id` bigint(20) unsigned NOT NULL,
  PRIMARY KEY (`id`)
) ENGINE=InnoDB DEFAULT CHARSET=utf8mb4 COLLATE=utf8mb4_unicode_ci;

/*Data for the table `hosts` */

/*Table structure for table `job_batches` */

DROP TABLE IF EXISTS `job_batches`;

CREATE TABLE `job_batches` (
  `id` varchar(255) NOT NULL,
  `name` varchar(255) NOT NULL,
  `total_jobs` int(11) NOT NULL,
  `pending_jobs` int(11) NOT NULL,
  `failed_jobs` int(11) NOT NULL,
  `failed_job_ids` longtext NOT NULL,
  `options` mediumtext DEFAULT NULL,
  `cancelled_at` int(11) DEFAULT NULL,
  `created_at` int(11) NOT NULL,
  `finished_at` int(11) DEFAULT NULL,
  PRIMARY KEY (`id`)
) ENGINE=InnoDB DEFAULT CHARSET=utf8mb4 COLLATE=utf8mb4_unicode_ci;

/*Data for the table `job_batches` */

/*Table structure for table `jobs` */

DROP TABLE IF EXISTS `jobs`;

CREATE TABLE `jobs` (
  `id` bigint(20) unsigned NOT NULL AUTO_INCREMENT,
  `queue` varchar(255) NOT NULL,
  `payload` longtext NOT NULL,
  `attempts` tinyint(3) unsigned NOT NULL,
  `reserved_at` int(10) unsigned DEFAULT NULL,
  `available_at` int(10) unsigned NOT NULL,
  `created_at` int(10) unsigned NOT NULL,
  PRIMARY KEY (`id`),
  KEY `jobs_queue_index` (`queue`)
) ENGINE=InnoDB DEFAULT CHARSET=utf8mb4 COLLATE=utf8mb4_unicode_ci;

/*Data for the table `jobs` */

/*Table structure for table `migrations` */

DROP TABLE IF EXISTS `migrations`;

CREATE TABLE `migrations` (
  `id` int(10) unsigned NOT NULL AUTO_INCREMENT,
  `migration` varchar(255) NOT NULL,
  `batch` int(11) NOT NULL,
  PRIMARY KEY (`id`)
) ENGINE=InnoDB AUTO_INCREMENT=29 DEFAULT CHARSET=utf8mb4 COLLATE=utf8mb4_unicode_ci;

/*Data for the table `migrations` */

insert  into `migrations`(`id`,`migration`,`batch`) values 
(1,'0001_01_01_000000_create_users_table',1),
(2,'0001_01_01_000001_create_cache_table',1),
(3,'0001_01_01_000002_create_jobs_table',1),
(4,'2024_10_17_030604_create_permission_tables',1),
(5,'2024_10_17_031218_create_hosts_table',1),
(6,'2024_10_17_031239_create_room_types_table',1),
(7,'2024_10_17_031335_create_room_status_table',1),
(17,'2024_10_17_031341_create_rooms_table',2),
(18,'2024_11_02_013603_create_reservations_table',2),
(19,'2024_11_02_121300_create_reserved_rooms_table',2),
(20,'2024_11_05_135648_create_personal_access_tokens_table',3),
(22,'2024_11_11_165856_create_payments_table',4),
(23,'2024_11_16_220026_create_services_table',5),
(24,'2024_11_18_202750_create_reserved_meals_table',6),
(25,'2024_11_18_221203_create_reserved_services_table',7),
(26,'2024_11_19_112214_create_refunds_table',8),
(28,'2024_11_20_065336_create_currencies_table',9);

/*Table structure for table `model_has_permissions` */

DROP TABLE IF EXISTS `model_has_permissions`;

CREATE TABLE `model_has_permissions` (
  `permission_id` bigint(20) unsigned NOT NULL,
  `model_type` varchar(255) NOT NULL,
  `model_id` bigint(20) unsigned NOT NULL,
  PRIMARY KEY (`permission_id`,`model_id`,`model_type`),
  KEY `model_has_permissions_model_id_model_type_index` (`model_id`,`model_type`),
  CONSTRAINT `model_has_permissions_permission_id_foreign` FOREIGN KEY (`permission_id`) REFERENCES `permissions` (`id`) ON DELETE CASCADE
) ENGINE=InnoDB DEFAULT CHARSET=utf8mb4 COLLATE=utf8mb4_unicode_ci;

/*Data for the table `model_has_permissions` */

/*Table structure for table `model_has_roles` */

DROP TABLE IF EXISTS `model_has_roles`;

CREATE TABLE `model_has_roles` (
  `role_id` bigint(20) unsigned NOT NULL,
  `model_type` varchar(255) NOT NULL,
  `model_id` bigint(20) unsigned NOT NULL,
  PRIMARY KEY (`role_id`,`model_id`,`model_type`),
  KEY `model_has_roles_model_id_model_type_index` (`model_id`,`model_type`),
  CONSTRAINT `model_has_roles_role_id_foreign` FOREIGN KEY (`role_id`) REFERENCES `roles` (`id`) ON DELETE CASCADE
) ENGINE=InnoDB DEFAULT CHARSET=utf8mb4 COLLATE=utf8mb4_unicode_ci;

/*Data for the table `model_has_roles` */

insert  into `model_has_roles`(`role_id`,`model_type`,`model_id`) values 
(1,'App\\Models\\User',1),
(2,'App\\Models\\User',111),
(3,'App\\Models\\User',2),
(3,'App\\Models\\User',3),
(3,'App\\Models\\User',108),
(4,'App\\Models\\User',4),
(4,'App\\Models\\User',109);

/*Table structure for table `password_reset_tokens` */

DROP TABLE IF EXISTS `password_reset_tokens`;

CREATE TABLE `password_reset_tokens` (
  `email` varchar(255) NOT NULL,
  `token` varchar(255) NOT NULL,
  `created_at` timestamp NULL DEFAULT NULL,
  PRIMARY KEY (`email`)
) ENGINE=InnoDB DEFAULT CHARSET=utf8mb4 COLLATE=utf8mb4_unicode_ci;

/*Data for the table `password_reset_tokens` */

/*Table structure for table `payments` */

DROP TABLE IF EXISTS `payments`;

CREATE TABLE `payments` (
  `id` bigint(20) unsigned NOT NULL AUTO_INCREMENT,
  `ref_number` varchar(20) NOT NULL,
  `host_id` bigint(20) unsigned NOT NULL,
  `user_id` bigint(20) unsigned NOT NULL,
  `reservation_id` bigint(20) unsigned NOT NULL,
  `amount` decimal(9,2) NOT NULL,
  `balance` decimal(9,2) DEFAULT NULL,
  `added_on` timestamp NOT NULL DEFAULT current_timestamp() ON UPDATE current_timestamp(),
  PRIMARY KEY (`id`),
  KEY `host_id` (`host_id`),
  KEY `user_id` (`user_id`),
  KEY `reservation_id` (`reservation_id`),
  KEY `added_on` (`added_on`)
) ENGINE=InnoDB AUTO_INCREMENT=44 DEFAULT CHARSET=utf8mb4 COLLATE=utf8mb4_unicode_ci;

/*Data for the table `payments` */

insert  into `payments`(`id`,`ref_number`,`host_id`,`user_id`,`reservation_id`,`amount`,`balance`,`added_on`) values 
(1,'',1,1,1,2300.00,2700.00,'2024-10-02 17:51:00'),
(2,'',1,1,2,12000.00,0.00,'2024-11-03 17:52:18'),
(3,'',1,1,4,5000.00,0.00,'2024-11-03 18:08:08'),
(4,'',1,1,5,10000.00,20000.00,'2024-11-05 18:10:11'),
(5,'',1,1,8,78500.00,0.00,'2024-11-11 18:36:03'),
(6,'',1,1,9,2500.00,3800.00,'2024-11-11 18:41:47'),
(7,'',1,1,11,6000.00,6000.00,'2024-11-12 19:20:38'),
(8,'',1,1,12,5000.00,495000.00,'2024-11-12 20:33:05'),
(9,'',1,1,13,1500.00,4500.00,'2024-11-12 20:55:56'),
(10,'',1,1,14,14400.00,0.00,'2024-11-13 12:53:26'),
(11,'',1,1,15,10000.00,12500.00,'2024-11-13 12:56:54'),
(12,'',1,1,18,5000.00,5000.00,'2024-11-13 13:04:05'),
(13,'',1,1,20,3000.00,2000.00,'2024-11-13 14:05:43'),
(14,'',1,1,21,1000.00,3000.00,'2024-11-13 20:21:28'),
(15,'',1,1,22,1500.00,1500.00,'2024-11-13 20:23:08'),
(16,'1731501103-1',1,1,23,2000.00,4000.00,'2024-11-13 20:31:43'),
(18,'1731568941-108',1,108,25,18000.00,0.00,'2024-11-14 15:22:21'),
(19,'1731850389-1',1,1,26,5450.00,2950.00,'2024-11-17 21:33:09'),
(20,'1731915816-1',1,1,28,5000.00,19000.00,'2024-11-18 15:43:36'),
(21,'1731938903-1',1,1,29,1500.00,1500.00,'2024-11-18 22:08:23'),
(22,'1731940344-1',1,1,30,4000.00,500.00,'2024-11-18 22:32:24'),
(23,'1731940858-1',1,1,31,4050.00,2250.00,'2024-11-18 22:40:58'),
(26,'1731984630-1',1,1,34,1500.00,3000.00,'2024-11-19 10:50:30'),
(27,'1731984736-1',1,1,35,1300.00,1700.00,'2024-11-19 10:52:16'),
(28,'1731984926-1',1,1,36,1300.00,500.00,'2024-11-19 10:55:26'),
(29,'1731985010-1',1,1,37,3000.00,3000.00,'2024-11-19 10:56:50'),
(30,'1731985101-1',1,1,38,1800.00,0.00,'2024-11-19 10:58:21'),
(31,'1731985259-1',1,1,39,4700.00,15300.00,'2024-11-19 11:00:59'),
(32,'1731985702-1',1,1,40,7000.00,0.00,'2024-11-19 11:08:22'),
(36,'1731990170-1',1,1,44,500.00,500.00,'2024-11-19 12:22:50'),
(37,'1731990273-1',1,1,45,2000.00,3000.00,'2024-11-19 12:24:33'),
(38,'1731990376-1',1,1,46,1700.00,1300.00,'2024-11-19 12:26:16'),
(39,'1731996304-1',1,1,47,800.00,6200.00,'2024-11-19 14:05:04'),
(40,'1732001960-1',1,1,48,1350.00,5850.00,'2024-11-19 15:39:20'),
(41,'1732002496-1',1,1,49,5500.00,11000.00,'2024-11-19 15:48:16'),
(42,'1732011623-1',1,1,50,5000.00,56750.00,'2024-11-19 18:20:24'),
(43,'1732015450-1',1,1,51,18450.00,200000.00,'2024-11-19 19:24:10');

/*Table structure for table `permissions` */

DROP TABLE IF EXISTS `permissions`;

CREATE TABLE `permissions` (
  `id` bigint(20) unsigned NOT NULL AUTO_INCREMENT,
  `name` varchar(255) NOT NULL,
  `guard_name` varchar(255) NOT NULL,
  `created_at` timestamp NULL DEFAULT NULL,
  `updated_at` timestamp NULL DEFAULT NULL,
  PRIMARY KEY (`id`),
  UNIQUE KEY `permissions_name_guard_name_unique` (`name`,`guard_name`)
) ENGINE=InnoDB AUTO_INCREMENT=24 DEFAULT CHARSET=utf8mb4 COLLATE=utf8mb4_unicode_ci;

/*Data for the table `permissions` */

insert  into `permissions`(`id`,`name`,`guard_name`,`created_at`,`updated_at`) values 
(1,'role-list','web','2024-10-25 13:55:53','2024-10-25 13:55:53'),
(2,'role-create','web','2024-10-25 13:55:53','2024-10-25 13:55:53'),
(3,'role-edit','web','2024-10-25 13:55:53','2024-10-25 13:55:53'),
(4,'role-delete','web','2024-10-25 13:55:53','2024-10-25 13:55:53'),
(5,'room-list','web','2024-10-25 13:55:54','2024-10-25 13:55:54'),
(6,'room-view','web','2024-10-25 13:55:54','2024-10-25 13:55:54'),
(7,'room-create','web','2024-10-25 13:55:54','2024-10-25 13:55:54'),
(8,'room-edit','web','2024-10-25 13:55:54','2024-10-25 13:55:54'),
(9,'room-delete','web','2024-10-25 13:55:54','2024-10-25 13:55:54'),
(10,'booking-edit','web','2024-10-25 13:55:54','2024-10-25 13:55:54'),
(11,'booking-edit-rates','web','2024-10-25 13:55:54','2024-10-25 13:55:54'),
(12,'booking-edit-pax','web','2024-10-25 13:55:54','2024-10-25 13:55:54'),
(13,'booking-edit-dates','web','2024-10-25 13:55:54','2024-10-25 13:55:54'),
(14,'booking-edit-description','web','2024-10-25 13:55:54','2024-10-25 13:55:54'),
(15,'booking-edit-prepayment','web','2024-10-25 13:55:54','2024-10-25 13:55:54'),
(16,'booking-edit-discount','web','2024-10-25 13:55:54','2024-10-25 13:55:54'),
(17,'booking-list','web','2024-10-25 13:55:54','2024-10-25 13:55:54'),
(18,'booking-create','web','2024-10-25 13:55:54','2024-10-25 13:55:54'),
(19,'booking-delete','web','2024-10-25 13:55:54','2024-10-25 13:55:54'),
(20,'user-create','web','2024-10-25 13:55:54','2024-10-25 13:55:54'),
(21,'user-edit','web','2024-10-25 13:55:54','2024-10-25 13:55:54'),
(22,'user-delete','web','2024-10-25 13:55:54','2024-10-25 13:55:54'),
(23,'user-list','web','2024-10-25 13:55:54','2024-10-25 13:55:54');

/*Table structure for table `personal_access_tokens` */

DROP TABLE IF EXISTS `personal_access_tokens`;

CREATE TABLE `personal_access_tokens` (
  `id` bigint(20) unsigned NOT NULL AUTO_INCREMENT,
  `tokenable_type` varchar(255) NOT NULL,
  `tokenable_id` bigint(20) unsigned NOT NULL,
  `name` varchar(255) NOT NULL,
  `token` varchar(64) NOT NULL,
  `abilities` text DEFAULT NULL,
  `last_used_at` timestamp NULL DEFAULT NULL,
  `expires_at` timestamp NULL DEFAULT NULL,
  `created_at` timestamp NULL DEFAULT NULL,
  `updated_at` timestamp NULL DEFAULT NULL,
  PRIMARY KEY (`id`),
  UNIQUE KEY `personal_access_tokens_token_unique` (`token`),
  KEY `personal_access_tokens_tokenable_type_tokenable_id_index` (`tokenable_type`,`tokenable_id`)
) ENGINE=InnoDB DEFAULT CHARSET=utf8mb4 COLLATE=utf8mb4_unicode_ci;

/*Data for the table `personal_access_tokens` */

/*Table structure for table `refunds` */

DROP TABLE IF EXISTS `refunds`;

CREATE TABLE `refunds` (
  `id` bigint(20) unsigned NOT NULL AUTO_INCREMENT,
  `created_at` timestamp NULL DEFAULT NULL,
  `updated_at` timestamp NULL DEFAULT NULL,
  PRIMARY KEY (`id`)
) ENGINE=InnoDB DEFAULT CHARSET=utf8mb4 COLLATE=utf8mb4_unicode_ci;

/*Data for the table `refunds` */

/*Table structure for table `reservations` */

DROP TABLE IF EXISTS `reservations`;

CREATE TABLE `reservations` (
  `id` bigint(20) unsigned NOT NULL AUTO_INCREMENT,
  `ref_number` varchar(20) NOT NULL,
  `checkin` datetime NOT NULL,
  `checkout` datetime NOT NULL,
  `adults` tinyint(4) DEFAULT NULL,
  `childs` tinyint(4) DEFAULT NULL,
  `pets` tinyint(4) DEFAULT NULL,
  `fullname` varchar(255) NOT NULL,
  `phone` varchar(255) DEFAULT NULL,
  `email` varchar(255) DEFAULT NULL,
  `additional_info` varchar(255) DEFAULT NULL,
  `booking_source_id` tinyint(4) DEFAULT NULL,
  `doorcode` varchar(255) DEFAULT NULL,
  `rateperday` decimal(9,2) DEFAULT NULL,
  `daystay` tinyint(4) DEFAULT NULL,
  `meals_total` decimal(9,2) DEFAULT NULL,
  `additional_services_total` decimal(9,2) DEFAULT NULL,
  `subtotal` decimal(9,2) DEFAULT NULL,
  `discount` decimal(9,2) DEFAULT NULL,
  `tax` decimal(9,2) DEFAULT NULL,
  `grandtotal` decimal(9,2) DEFAULT NULL,
  `payment_type_id` tinyint(4) DEFAULT NULL,
  `prepayment` decimal(9,2) DEFAULT NULL,
  `payment_status_id` tinyint(4) DEFAULT NULL,
  `balancepayment` decimal(9,2) DEFAULT NULL,
  `user_id` bigint(20) unsigned NOT NULL,
  `host_id` bigint(20) unsigned NOT NULL,
  `booking_status_id` tinyint(4) DEFAULT NULL,
  `currency_id` tinyint(4) DEFAULT NULL,
  `created_at` timestamp NULL DEFAULT NULL,
  `updated_at` timestamp NULL DEFAULT NULL,
  PRIMARY KEY (`id`),
  KEY `host_id` (`host_id`),
  KEY `checkin` (`checkin`),
  KEY `checkout` (`checkout`),
  KEY `fullname` (`fullname`),
  KEY `email` (`email`),
  KEY `phone` (`phone`),
  KEY `grandtotal` (`grandtotal`),
  KEY `payment_status_id` (`payment_status_id`),
  KEY `booking_status_id` (`booking_status_id`),
  KEY `user_id` (`user_id`),
  KEY `booking_source_id` (`booking_source_id`),
  KEY `currency_id` (`currency_id`)
) ENGINE=InnoDB AUTO_INCREMENT=52 DEFAULT CHARSET=utf8mb4 COLLATE=utf8mb4_unicode_ci;

/*Data for the table `reservations` */

insert  into `reservations`(`id`,`ref_number`,`checkin`,`checkout`,`adults`,`childs`,`pets`,`fullname`,`phone`,`email`,`additional_info`,`booking_source_id`,`doorcode`,`rateperday`,`daystay`,`meals_total`,`additional_services_total`,`subtotal`,`discount`,`tax`,`grandtotal`,`payment_type_id`,`prepayment`,`payment_status_id`,`balancepayment`,`user_id`,`host_id`,`booking_status_id`,`currency_id`,`created_at`,`updated_at`) values 
(1,'','2024-11-13 14:00:00','2024-11-15 12:00:00',5,2,3,'Meliza Aspiras',NULL,NULL,NULL,10,'0',2500.00,2,NULL,NULL,5000.00,NULL,NULL,5000.00,2,2300.00,2,2700.00,1,1,1,1,'2024-11-11 17:51:00','2024-11-11 17:51:00'),
(2,'','2024-11-14 14:00:00','2024-11-16 12:00:00',2,3,1,'Zeus Aspiras',NULL,NULL,NULL,10,'0',6000.00,2,NULL,NULL,12000.00,NULL,NULL,12000.00,3,12000.00,3,0.00,1,1,1,1,'2024-11-11 17:52:18','2024-11-11 17:52:18'),
(3,'','2024-11-13 14:00:00','2024-11-16 12:00:00',7,0,0,'MaryJoy',NULL,NULL,NULL,10,'0',3333.33,3,NULL,NULL,10000.00,NULL,NULL,10000.00,0,NULL,1,10000.00,1,1,0,1,'2024-11-11 17:53:39','2024-11-11 17:53:39'),
(4,'','2024-11-16 14:00:00','2024-11-18 12:00:00',1,0,0,'Donald Trump',NULL,NULL,NULL,10,'0',1000.00,2,NULL,NULL,2000.00,NULL,NULL,2000.00,2,5000.00,3,0.00,1,1,1,1,'2024-11-11 18:08:08','2024-11-11 18:08:08'),
(5,'','2024-11-17 14:00:00','2024-11-19 12:00:00',10,0,0,'Ivanka Trump',NULL,NULL,NULL,10,'0',15000.00,2,NULL,NULL,30000.00,NULL,NULL,30000.00,2,10000.00,2,20000.00,1,1,1,1,'2024-11-11 18:10:11','2024-11-11 18:10:11'),
(6,'','2024-11-18 14:00:00','2024-11-21 12:00:00',5,3,4,'Nicole Marquez',NULL,NULL,NULL,10,'0',NULL,3,NULL,NULL,0.00,NULL,NULL,0.00,0,NULL,1,0.00,1,1,0,1,'2024-11-11 18:12:23','2024-11-11 18:12:23'),
(7,'','2024-11-16 14:00:00','2024-11-20 12:00:00',4,1,3,'Meliza Aspiras',NULL,NULL,NULL,10,'0',NULL,4,NULL,NULL,0.00,NULL,NULL,0.00,0,NULL,1,0.00,1,1,0,1,'2024-11-11 18:14:39','2024-11-11 18:14:39'),
(8,'','2024-11-16 14:00:00','2024-11-21 12:00:00',5,2,3,'Hazel',NULL,NULL,NULL,10,'0',1500.00,5,NULL,NULL,7500.00,NULL,NULL,7500.00,1,78500.00,3,0.00,1,1,1,1,'2024-11-11 18:36:03','2024-11-11 18:36:03'),
(9,'','2024-11-19 14:00:00','2024-11-22 12:00:00',6,3,5,'Jaming',NULL,NULL,NULL,10,'0',2100.00,3,NULL,NULL,6300.00,NULL,NULL,6300.00,1,2500.00,2,3800.00,1,1,1,1,'2024-11-11 18:41:47','2024-11-11 18:41:47'),
(10,'','2024-11-12 14:00:00','2024-11-12 12:00:00',1,0,0,'angeline',NULL,NULL,NULL,10,'0',2500.00,9,NULL,NULL,22500.00,NULL,NULL,22500.00,1,25000.00,1,-2500.00,1,1,0,1,'2024-11-12 19:17:32','2024-11-12 19:18:18'),
(11,'','2024-10-01 14:00:00','2024-10-07 12:00:00',1,0,0,'charlie puth',NULL,NULL,NULL,10,'0',2000.00,6,NULL,NULL,12000.00,NULL,NULL,12000.00,1,6000.00,2,6000.00,1,1,1,1,'2024-11-12 19:20:38','2024-11-12 19:20:38'),
(12,'','2024-11-01 14:00:00','2024-11-12 12:00:00',1,0,0,'Bojor',NULL,NULL,NULL,10,'0',45454.55,NULL,NULL,NULL,500000.00,NULL,NULL,500000.00,1,5000.00,2,495000.00,1,1,1,1,'2024-11-12 20:33:05','2024-11-12 20:33:05'),
(13,'','2024-11-20 14:00:00','2024-11-22 12:00:00',1,0,0,'Maam Magda',NULL,NULL,NULL,10,'0',30000.00,2,NULL,NULL,60000.00,NULL,NULL,60000.00,1,1500.00,2,58500.00,1,1,1,1,'2024-11-12 20:55:56','2024-11-12 21:00:01'),
(14,'','2024-11-29 14:00:00','2024-12-01 12:00:00',8,0,0,'Eli',NULL,NULL,NULL,10,'0',7200.00,2,NULL,NULL,14400.00,NULL,NULL,14400.00,1,14400.00,3,0.00,1,1,1,1,'2024-11-13 12:53:26','2024-11-13 12:53:26'),
(15,'','2024-11-29 14:00:00','2024-12-02 12:00:00',2,1,0,'Janella Salvador',NULL,NULL,NULL,10,'0',7500.00,3,NULL,NULL,22500.00,NULL,NULL,22500.00,1,10000.00,2,12500.00,1,1,1,1,'2024-11-13 12:56:54','2024-11-13 12:56:54'),
(17,'','2024-11-23 14:00:00','2024-11-25 12:00:00',1,0,0,'Maja Salvador',NULL,NULL,NULL,10,'0',4000.00,2,NULL,NULL,8000.00,NULL,NULL,8000.00,1,NULL,1,0.00,1,1,0,1,'2024-11-13 13:02:49','2024-11-13 13:02:49'),
(18,'','2024-11-25 14:00:00','2024-11-27 12:00:00',2,0,0,'Dexter',NULL,NULL,NULL,10,'0',5000.00,2,NULL,NULL,10000.00,NULL,NULL,10000.00,1,5000.00,2,5000.00,1,1,1,1,'2024-11-13 13:04:05','2024-11-13 13:04:05'),
(20,'','2024-11-26 14:00:00','2024-11-27 12:00:00',1,0,0,'Duterte',NULL,NULL,NULL,10,'0',5000.00,1,NULL,NULL,5000.00,NULL,NULL,5000.00,1,3000.00,2,2000.00,1,1,1,1,'2024-11-13 14:05:43','2024-11-13 14:05:43'),
(21,'','2024-11-21 14:00:00','2024-11-23 12:00:00',1,0,0,'Nicole Marquez',NULL,NULL,NULL,10,'0',2000.00,2,NULL,NULL,4000.00,NULL,NULL,4000.00,1,1000.00,2,3000.00,1,1,1,1,'2024-11-13 20:21:28','2024-11-13 20:21:28'),
(22,'1731500588-1','2024-11-19 14:00:00','2024-11-20 12:00:00',1,0,0,'Jaming',NULL,NULL,NULL,10,'0',3000.00,1,NULL,NULL,3000.00,NULL,NULL,3000.00,1,1500.00,2,1500.00,1,1,1,1,'2024-11-13 20:23:08','2024-11-13 20:23:08'),
(23,'1731501103-1','2024-11-19 14:00:00','2024-11-20 12:00:00',1,0,0,'Zeus Aspiras',NULL,NULL,NULL,10,'0',6000.00,1,NULL,NULL,6000.00,NULL,NULL,6000.00,1,2000.00,2,4000.00,1,1,1,1,'2024-11-13 20:31:43','2024-11-13 20:31:43'),
(25,'1731568941-108','2024-11-22 14:00:00','2024-11-25 12:00:00',1,0,0,'Kris Aquino',NULL,NULL,NULL,10,'0',6000.00,3,NULL,NULL,18000.00,NULL,NULL,18000.00,2,1000000.00,3,0.00,108,1,1,1,'2024-11-14 15:22:21','2024-11-14 15:22:21'),
(26,'1731850389-1','2024-11-19 14:00:00','2024-11-21 12:00:00',4,1,0,'Kathryn Bernardo',NULL,NULL,NULL,3,'0',4200.00,2,NULL,NULL,8400.00,NULL,NULL,8400.00,1,5450.00,2,2950.00,1,1,1,1,'2024-11-17 21:33:09','2024-11-18 22:06:08'),
(27,'1731915708-1','2024-11-23 14:00:00','2024-11-25 12:00:00',2,0,0,'Leah Pataksil',NULL,NULL,NULL,10,'0',2500.00,2,NULL,NULL,5000.00,NULL,NULL,5000.00,1,NULL,1,0.00,1,1,0,1,'2024-11-18 15:41:48','2024-11-18 15:41:48'),
(28,'1731915816-1','2024-11-22 14:00:00','2024-11-26 12:00:00',5,0,0,'Nora',NULL,NULL,NULL,10,'0',6000.00,4,NULL,NULL,24000.00,NULL,NULL,24000.00,1,5000.00,2,19000.00,1,1,1,1,'2024-11-18 15:43:36','2024-11-18 15:43:36'),
(29,'1731938903-1','2024-11-24 14:00:00','2024-11-26 12:00:00',2,0,0,'Anne Curtis',NULL,NULL,NULL,10,'0',1500.00,2,NULL,NULL,3000.00,NULL,NULL,3000.00,1,1500.00,2,1500.00,1,1,1,1,'2024-11-18 22:08:23','2024-11-18 22:08:23'),
(30,'1731940344-1','2024-11-23 14:00:00','2024-11-24 12:00:00',3,0,0,'Andeng Kaith',NULL,NULL,NULL,10,'0',4500.00,1,NULL,NULL,4500.00,NULL,NULL,4500.00,1,4000.00,2,500.00,1,1,1,1,'2024-11-18 22:32:24','2024-11-18 22:32:24'),
(31,'1731940858-1','2024-11-22 14:00:00','2024-11-25 12:00:00',4,0,0,'Marian Rivera',NULL,NULL,NULL,8,'0',2100.00,3,NULL,NULL,6300.00,NULL,NULL,8100.00,1,4050.00,2,2250.00,1,1,1,1,'2024-11-18 22:40:58','2024-11-18 22:40:58'),
(34,'1731984630-1','2024-11-25 14:00:00','2024-11-28 12:00:00',2,0,0,'Zeus Aspiras',NULL,NULL,NULL,10,'0',1500.00,3,NULL,NULL,4500.00,NULL,NULL,6100.00,1,1500.00,2,3000.00,1,1,1,1,'2024-11-19 10:50:30','2024-11-19 10:50:30'),
(35,'1731984736-1','2024-11-22 14:00:00','2024-11-24 12:00:00',2,0,0,'Meliza Aspiras',NULL,NULL,NULL,10,'0',1500.00,2,NULL,NULL,3000.00,NULL,NULL,4300.00,1,1300.00,2,1700.00,1,1,1,1,'2024-11-19 10:52:16','2024-11-19 10:52:16'),
(36,'1731984926-1','2024-11-21 14:00:00','2024-11-22 12:00:00',2,0,0,'Nicole Marquez',NULL,NULL,NULL,10,'0',1800.00,1,NULL,NULL,1800.00,NULL,NULL,2300.00,1,1300.00,2,500.00,1,1,1,1,'2024-11-19 10:55:26','2024-11-19 10:55:26'),
(37,'1731985010-1','2024-11-26 14:00:00','2024-11-29 12:00:00',2,0,0,'Invanka Trump',NULL,NULL,NULL,10,'0',2000.00,3,NULL,NULL,6000.00,NULL,NULL,6000.00,1,3000.00,2,3000.00,1,1,1,1,'2024-11-19 10:56:50','2024-11-19 10:56:50'),
(38,'1731985101-1','2024-11-20 14:00:00','2024-11-21 12:00:00',2,0,0,'Mikay',NULL,NULL,NULL,10,'0',1800.00,1,NULL,NULL,1800.00,NULL,NULL,2100.00,1,1800.00,3,0.00,1,1,1,1,'2024-11-19 10:58:21','2024-11-19 10:58:21'),
(39,'1731985259-1','2024-11-22 14:00:00','2024-11-26 12:00:00',2,0,0,'John Carbonell',NULL,NULL,NULL,10,'0',5000.00,4,NULL,NULL,20000.00,NULL,NULL,25900.00,1,4700.00,2,15300.00,1,1,1,1,'2024-11-19 11:00:59','2024-11-19 11:00:59'),
(40,'1731985702-1','2024-11-25 14:00:00','2024-11-27 12:00:00',2,0,0,'Michael V',NULL,NULL,NULL,10,'0',3500.00,2,NULL,NULL,7000.00,NULL,NULL,21700.00,1,14000.00,3,0.00,1,1,1,1,'2024-11-19 11:08:22','2024-11-19 11:08:22'),
(44,'1731990170-1','2024-11-27 14:00:00','2024-11-28 12:00:00',2,0,0,'Zeus Aspiras',NULL,NULL,NULL,10,'0',1000.00,1,NULL,NULL,1000.00,NULL,NULL,1000.00,1,500.00,2,500.00,1,1,1,1,'2024-11-19 12:22:50','2024-11-19 12:22:50'),
(45,'1731990273-1','2024-11-26 14:00:00','2024-11-27 12:00:00',2,0,0,'Meliza Aspiras',NULL,NULL,NULL,10,'0',5000.00,1,NULL,NULL,5000.00,NULL,NULL,5000.00,1,2000.00,2,3000.00,1,1,1,1,'2024-11-19 12:24:33','2024-11-19 12:24:33'),
(46,'1731990376-1','2024-11-21 14:00:00','2024-11-23 12:00:00',2,0,0,'Rosemarie Aspiras',NULL,NULL,NULL,10,'0',1500.00,2,NULL,NULL,3000.00,NULL,NULL,4700.00,1,1700.00,2,1300.00,1,1,1,1,'2024-11-19 12:26:16','2024-11-19 12:26:16'),
(47,'1731996304-1','2024-11-24 14:00:00','2024-11-26 12:00:00',3,2,1,'Eva Rose Aspiras',NULL,NULL,NULL,10,'0',3500.00,2,NULL,NULL,7000.00,NULL,NULL,9800.00,1,800.00,2,6200.00,1,1,1,1,'2024-11-19 14:05:04','2024-11-19 14:05:04'),
(48,'1732001960-1','2024-11-26 14:00:00','2024-11-29 12:00:00',4,1,1,'Poseidon','09309584411','poseidon@gmail.com','Poseidon Booking Confirmation',8,'0',2400.00,3,NULL,NULL,7200.00,NULL,NULL,11350.00,1,1350.00,2,5850.00,1,1,1,1,'2024-11-19 15:39:20','2024-11-19 15:39:20'),
(49,'1732002496-1','2024-11-25 14:00:00','2024-11-28 12:00:00',4,2,2,'God Zeus','09553779804','zeuscastielaspiras@gmail.com','God Zeus Booking Confirmation',7,'0',3500.00,3,NULL,NULL,10500.00,NULL,NULL,16500.00,1,5500.00,2,11000.00,1,1,1,1,'2024-11-19 15:48:16','2024-11-19 15:48:16'),
(50,'1732011623-1','2024-12-02 14:00:00','2024-12-07 12:00:00',12,1,1,'Meliza Aspiras',NULL,NULL,NULL,10,'0',10000.00,5,NULL,NULL,50000.00,NULL,NULL,61750.00,1,5000.00,2,56750.00,1,1,1,1,'2024-11-19 18:20:23','2024-11-19 18:20:23'),
(51,'1732015450-1','2024-12-07 14:00:00','2024-12-11 12:00:00',10,5,5,'Meliza Aspiras','09171659800','izah@gmail.com','Izah Booking Confirmation',8,'0',35000.00,4,NULL,NULL,140000.00,NULL,NULL,218450.00,1,18450.00,2,200000.00,1,1,1,1,'2024-11-19 19:24:10','2024-11-19 19:24:10');

/*Table structure for table `reserved_meals` */

DROP TABLE IF EXISTS `reserved_meals`;

CREATE TABLE `reserved_meals` (
  `id` bigint(20) unsigned NOT NULL AUTO_INCREMENT,
  `host_id` bigint(20) unsigned NOT NULL,
  `user_id` bigint(20) unsigned NOT NULL,
  `reservation_id` bigint(20) unsigned NOT NULL,
  `meal_name` varchar(255) NOT NULL,
  `meal_adults` smallint(6) NOT NULL,
  `meal_childs` smallint(6) DEFAULT NULL,
  `amount` decimal(9,2) NOT NULL,
  `added_on` timestamp NOT NULL DEFAULT current_timestamp() ON UPDATE current_timestamp(),
  PRIMARY KEY (`id`),
  KEY `host_id` (`host_id`),
  KEY `user_id` (`user_id`),
  KEY `meal_name` (`meal_name`),
  KEY `reservation_id` (`reservation_id`),
  KEY `added_on` (`added_on`),
  CONSTRAINT `reserved_meals_host_id_foreign` FOREIGN KEY (`host_id`) REFERENCES `users` (`id`),
  CONSTRAINT `reserved_meals_reservation_id_foreign` FOREIGN KEY (`reservation_id`) REFERENCES `reservations` (`id`),
  CONSTRAINT `reserved_meals_user_id_foreign` FOREIGN KEY (`user_id`) REFERENCES `users` (`id`)
) ENGINE=InnoDB AUTO_INCREMENT=6 DEFAULT CHARSET=utf8mb4 COLLATE=utf8mb4_unicode_ci;

/*Data for the table `reserved_meals` */

insert  into `reserved_meals`(`id`,`host_id`,`user_id`,`reservation_id`,`meal_name`,`meal_adults`,`meal_childs`,`amount`,`added_on`) values 
(1,1,1,46,'1',1,1,600.00,'2024-11-19 12:26:16'),
(2,1,1,47,'1',3,2,1500.00,'2024-11-19 14:05:04'),
(3,1,1,48,'7',4,1,2250.00,'2024-11-19 15:39:20'),
(4,1,1,49,'7',4,2,4000.00,'2024-11-19 15:48:16'),
(5,1,1,51,'7',10,5,30000.00,'2024-11-19 19:24:10');

/*Table structure for table `reserved_rooms` */

DROP TABLE IF EXISTS `reserved_rooms`;

CREATE TABLE `reserved_rooms` (
  `id` bigint(20) unsigned NOT NULL AUTO_INCREMENT,
  `reservation_id` bigint(20) unsigned NOT NULL,
  `room_id` bigint(20) unsigned NOT NULL,
  `reserved_dates` timestamp NOT NULL DEFAULT current_timestamp() ON UPDATE current_timestamp(),
  PRIMARY KEY (`id`),
  UNIQUE KEY `reserved_rooms_room_id_reserved_dates_unique` (`room_id`,`reserved_dates`),
  KEY `reservation_id` (`reservation_id`),
  KEY `room_id` (`room_id`),
  KEY `reserved_dates` (`reserved_dates`)
) ENGINE=InnoDB AUTO_INCREMENT=5634 DEFAULT CHARSET=utf8mb4 COLLATE=utf8mb4_unicode_ci;

/*Data for the table `reserved_rooms` */

insert  into `reserved_rooms`(`id`,`reservation_id`,`room_id`,`reserved_dates`) values 
(1,1,3,'2024-11-13 14:00:00'),
(2,1,4,'2024-11-13 14:00:00'),
(3,1,3,'2024-11-13 15:00:00'),
(4,1,4,'2024-11-13 15:00:00'),
(5,1,3,'2024-11-13 16:00:00'),
(6,1,4,'2024-11-13 16:00:00'),
(7,1,3,'2024-11-13 17:00:00'),
(8,1,4,'2024-11-13 17:00:00'),
(9,1,3,'2024-11-13 18:00:00'),
(10,1,4,'2024-11-13 18:00:00'),
(11,1,3,'2024-11-13 19:00:00'),
(12,1,4,'2024-11-13 19:00:00'),
(13,1,3,'2024-11-13 20:00:00'),
(14,1,4,'2024-11-13 20:00:00'),
(15,1,3,'2024-11-13 21:00:00'),
(16,1,4,'2024-11-13 21:00:00'),
(17,1,3,'2024-11-13 22:00:00'),
(18,1,4,'2024-11-13 22:00:00'),
(19,1,3,'2024-11-13 23:00:00'),
(20,1,4,'2024-11-13 23:00:00'),
(21,1,3,'2024-11-14 00:00:00'),
(22,1,4,'2024-11-14 00:00:00'),
(23,1,3,'2024-11-14 01:00:00'),
(24,1,4,'2024-11-14 01:00:00'),
(25,1,3,'2024-11-14 02:00:00'),
(26,1,4,'2024-11-14 02:00:00'),
(27,1,3,'2024-11-14 03:00:00'),
(28,1,4,'2024-11-14 03:00:00'),
(29,1,3,'2024-11-14 04:00:00'),
(30,1,4,'2024-11-14 04:00:00'),
(31,1,3,'2024-11-14 05:00:00'),
(32,1,4,'2024-11-14 05:00:00'),
(33,1,3,'2024-11-14 06:00:00'),
(34,1,4,'2024-11-14 06:00:00'),
(35,1,3,'2024-11-14 07:00:00'),
(36,1,4,'2024-11-14 07:00:00'),
(37,1,3,'2024-11-14 08:00:00'),
(38,1,4,'2024-11-14 08:00:00'),
(39,1,3,'2024-11-14 09:00:00'),
(40,1,4,'2024-11-14 09:00:00'),
(41,1,3,'2024-11-14 10:00:00'),
(42,1,4,'2024-11-14 10:00:00'),
(43,1,3,'2024-11-14 11:00:00'),
(44,1,4,'2024-11-14 11:00:00'),
(45,1,3,'2024-11-14 12:00:00'),
(46,1,4,'2024-11-14 12:00:00'),
(47,1,3,'2024-11-14 13:00:00'),
(48,1,4,'2024-11-14 13:00:00'),
(49,1,3,'2024-11-14 14:00:00'),
(50,1,4,'2024-11-14 14:00:00'),
(51,1,3,'2024-11-14 15:00:00'),
(52,1,4,'2024-11-14 15:00:00'),
(53,1,3,'2024-11-14 16:00:00'),
(54,1,4,'2024-11-14 16:00:00'),
(55,1,3,'2024-11-14 17:00:00'),
(56,1,4,'2024-11-14 17:00:00'),
(57,1,3,'2024-11-14 18:00:00'),
(58,1,4,'2024-11-14 18:00:00'),
(59,1,3,'2024-11-14 19:00:00'),
(60,1,4,'2024-11-14 19:00:00'),
(61,1,3,'2024-11-14 20:00:00'),
(62,1,4,'2024-11-14 20:00:00'),
(63,1,3,'2024-11-14 21:00:00'),
(64,1,4,'2024-11-14 21:00:00'),
(65,1,3,'2024-11-14 22:00:00'),
(66,1,4,'2024-11-14 22:00:00'),
(67,1,3,'2024-11-14 23:00:00'),
(68,1,4,'2024-11-14 23:00:00'),
(69,1,3,'2024-11-15 00:00:00'),
(70,1,4,'2024-11-15 00:00:00'),
(71,1,3,'2024-11-15 01:00:00'),
(72,1,4,'2024-11-15 01:00:00'),
(73,1,3,'2024-11-15 02:00:00'),
(74,1,4,'2024-11-15 02:00:00'),
(75,1,3,'2024-11-15 03:00:00'),
(76,1,4,'2024-11-15 03:00:00'),
(77,1,3,'2024-11-15 04:00:00'),
(78,1,4,'2024-11-15 04:00:00'),
(79,1,3,'2024-11-15 05:00:00'),
(80,1,4,'2024-11-15 05:00:00'),
(81,1,3,'2024-11-15 06:00:00'),
(82,1,4,'2024-11-15 06:00:00'),
(83,1,3,'2024-11-15 07:00:00'),
(84,1,4,'2024-11-15 07:00:00'),
(85,1,3,'2024-11-15 08:00:00'),
(86,1,4,'2024-11-15 08:00:00'),
(87,1,3,'2024-11-15 09:00:00'),
(88,1,4,'2024-11-15 09:00:00'),
(89,1,3,'2024-11-15 10:00:00'),
(90,1,4,'2024-11-15 10:00:00'),
(91,1,3,'2024-11-15 11:00:00'),
(92,1,4,'2024-11-15 11:00:00'),
(93,1,3,'2024-11-15 12:00:00'),
(94,1,4,'2024-11-15 12:00:00'),
(95,2,5,'2024-11-14 14:00:00'),
(96,2,5,'2024-11-14 15:00:00'),
(97,2,5,'2024-11-14 16:00:00'),
(98,2,5,'2024-11-14 17:00:00'),
(99,2,5,'2024-11-14 18:00:00'),
(100,2,5,'2024-11-14 19:00:00'),
(101,2,5,'2024-11-14 20:00:00'),
(102,2,5,'2024-11-14 21:00:00'),
(103,2,5,'2024-11-14 22:00:00'),
(104,2,5,'2024-11-14 23:00:00'),
(105,2,5,'2024-11-15 00:00:00'),
(106,2,5,'2024-11-15 01:00:00'),
(107,2,5,'2024-11-15 02:00:00'),
(108,2,5,'2024-11-15 03:00:00'),
(109,2,5,'2024-11-15 04:00:00'),
(110,2,5,'2024-11-15 05:00:00'),
(111,2,5,'2024-11-15 06:00:00'),
(112,2,5,'2024-11-15 07:00:00'),
(113,2,5,'2024-11-15 08:00:00'),
(114,2,5,'2024-11-15 09:00:00'),
(115,2,5,'2024-11-15 10:00:00'),
(116,2,5,'2024-11-15 11:00:00'),
(117,2,5,'2024-11-15 12:00:00'),
(118,2,5,'2024-11-15 13:00:00'),
(119,2,5,'2024-11-15 14:00:00'),
(120,2,5,'2024-11-15 15:00:00'),
(121,2,5,'2024-11-15 16:00:00'),
(122,2,5,'2024-11-15 17:00:00'),
(123,2,5,'2024-11-15 18:00:00'),
(124,2,5,'2024-11-15 19:00:00'),
(125,2,5,'2024-11-15 20:00:00'),
(126,2,5,'2024-11-15 21:00:00'),
(127,2,5,'2024-11-15 22:00:00'),
(128,2,5,'2024-11-15 23:00:00'),
(129,2,5,'2024-11-16 00:00:00'),
(130,2,5,'2024-11-16 01:00:00'),
(131,2,5,'2024-11-16 02:00:00'),
(132,2,5,'2024-11-16 03:00:00'),
(133,2,5,'2024-11-16 04:00:00'),
(134,2,5,'2024-11-16 05:00:00'),
(135,2,5,'2024-11-16 06:00:00'),
(136,2,5,'2024-11-16 07:00:00'),
(137,2,5,'2024-11-16 08:00:00'),
(138,2,5,'2024-11-16 09:00:00'),
(139,2,5,'2024-11-16 10:00:00'),
(140,2,5,'2024-11-16 11:00:00'),
(141,2,5,'2024-11-16 12:00:00'),
(142,3,6,'2024-11-13 14:00:00'),
(143,3,6,'2024-11-13 15:00:00'),
(144,3,6,'2024-11-13 16:00:00'),
(145,3,6,'2024-11-13 17:00:00'),
(146,3,6,'2024-11-13 18:00:00'),
(147,3,6,'2024-11-13 19:00:00'),
(148,3,6,'2024-11-13 20:00:00'),
(149,3,6,'2024-11-13 21:00:00'),
(150,3,6,'2024-11-13 22:00:00'),
(151,3,6,'2024-11-13 23:00:00'),
(152,3,6,'2024-11-14 00:00:00'),
(153,3,6,'2024-11-14 01:00:00'),
(154,3,6,'2024-11-14 02:00:00'),
(155,3,6,'2024-11-14 03:00:00'),
(156,3,6,'2024-11-14 04:00:00'),
(157,3,6,'2024-11-14 05:00:00'),
(158,3,6,'2024-11-14 06:00:00'),
(159,3,6,'2024-11-14 07:00:00'),
(160,3,6,'2024-11-14 08:00:00'),
(161,3,6,'2024-11-14 09:00:00'),
(162,3,6,'2024-11-14 10:00:00'),
(163,3,6,'2024-11-14 11:00:00'),
(164,3,6,'2024-11-14 12:00:00'),
(165,3,6,'2024-11-14 13:00:00'),
(166,3,6,'2024-11-14 14:00:00'),
(167,3,6,'2024-11-14 15:00:00'),
(168,3,6,'2024-11-14 16:00:00'),
(169,3,6,'2024-11-14 17:00:00'),
(170,3,6,'2024-11-14 18:00:00'),
(171,3,6,'2024-11-14 19:00:00'),
(172,3,6,'2024-11-14 20:00:00'),
(173,3,6,'2024-11-14 21:00:00'),
(174,3,6,'2024-11-14 22:00:00'),
(175,3,6,'2024-11-14 23:00:00'),
(176,3,6,'2024-11-15 00:00:00'),
(177,3,6,'2024-11-15 01:00:00'),
(178,3,6,'2024-11-15 02:00:00'),
(179,3,6,'2024-11-15 03:00:00'),
(180,3,6,'2024-11-15 04:00:00'),
(181,3,6,'2024-11-15 05:00:00'),
(182,3,6,'2024-11-15 06:00:00'),
(183,3,6,'2024-11-15 07:00:00'),
(184,3,6,'2024-11-15 08:00:00'),
(185,3,6,'2024-11-15 09:00:00'),
(186,3,6,'2024-11-15 10:00:00'),
(187,3,6,'2024-11-15 11:00:00'),
(188,3,6,'2024-11-15 12:00:00'),
(189,3,6,'2024-11-15 13:00:00'),
(190,3,6,'2024-11-15 14:00:00'),
(191,3,6,'2024-11-15 15:00:00'),
(192,3,6,'2024-11-15 16:00:00'),
(193,3,6,'2024-11-15 17:00:00'),
(194,3,6,'2024-11-15 18:00:00'),
(195,3,6,'2024-11-15 19:00:00'),
(196,3,6,'2024-11-15 20:00:00'),
(197,3,6,'2024-11-15 21:00:00'),
(198,3,6,'2024-11-15 22:00:00'),
(199,3,6,'2024-11-15 23:00:00'),
(200,3,6,'2024-11-16 00:00:00'),
(201,3,6,'2024-11-16 01:00:00'),
(202,3,6,'2024-11-16 02:00:00'),
(203,3,6,'2024-11-16 03:00:00'),
(204,3,6,'2024-11-16 04:00:00'),
(205,3,6,'2024-11-16 05:00:00'),
(206,3,6,'2024-11-16 06:00:00'),
(207,3,6,'2024-11-16 07:00:00'),
(208,3,6,'2024-11-16 08:00:00'),
(209,3,6,'2024-11-16 09:00:00'),
(210,3,6,'2024-11-16 10:00:00'),
(211,3,6,'2024-11-16 11:00:00'),
(212,3,6,'2024-11-16 12:00:00'),
(213,4,4,'2024-11-16 14:00:00'),
(214,4,4,'2024-11-16 15:00:00'),
(215,4,4,'2024-11-16 16:00:00'),
(216,4,4,'2024-11-16 17:00:00'),
(217,4,4,'2024-11-16 18:00:00'),
(218,4,4,'2024-11-16 19:00:00'),
(219,4,4,'2024-11-16 20:00:00'),
(220,4,4,'2024-11-16 21:00:00'),
(221,4,4,'2024-11-16 22:00:00'),
(222,4,4,'2024-11-16 23:00:00'),
(223,4,4,'2024-11-17 00:00:00'),
(224,4,4,'2024-11-17 01:00:00'),
(225,4,4,'2024-11-17 02:00:00'),
(226,4,4,'2024-11-17 03:00:00'),
(227,4,4,'2024-11-17 04:00:00'),
(228,4,4,'2024-11-17 05:00:00'),
(229,4,4,'2024-11-17 06:00:00'),
(230,4,4,'2024-11-17 07:00:00'),
(231,4,4,'2024-11-17 08:00:00'),
(232,4,4,'2024-11-17 09:00:00'),
(233,4,4,'2024-11-17 10:00:00'),
(234,4,4,'2024-11-17 11:00:00'),
(235,4,4,'2024-11-17 12:00:00'),
(236,4,4,'2024-11-17 13:00:00'),
(237,4,4,'2024-11-17 14:00:00'),
(238,4,4,'2024-11-17 15:00:00'),
(239,4,4,'2024-11-17 16:00:00'),
(240,4,4,'2024-11-17 17:00:00'),
(241,4,4,'2024-11-17 18:00:00'),
(242,4,4,'2024-11-17 19:00:00'),
(243,4,4,'2024-11-17 20:00:00'),
(244,4,4,'2024-11-17 21:00:00'),
(245,4,4,'2024-11-17 22:00:00'),
(246,4,4,'2024-11-17 23:00:00'),
(247,4,4,'2024-11-18 00:00:00'),
(248,4,4,'2024-11-18 01:00:00'),
(249,4,4,'2024-11-18 02:00:00'),
(250,4,4,'2024-11-18 03:00:00'),
(251,4,4,'2024-11-18 04:00:00'),
(252,4,4,'2024-11-18 05:00:00'),
(253,4,4,'2024-11-18 06:00:00'),
(254,4,4,'2024-11-18 07:00:00'),
(255,4,4,'2024-11-18 08:00:00'),
(256,4,4,'2024-11-18 09:00:00'),
(257,4,4,'2024-11-18 10:00:00'),
(258,4,4,'2024-11-18 11:00:00'),
(259,4,4,'2024-11-18 12:00:00'),
(260,5,7,'2024-11-17 14:00:00'),
(261,5,8,'2024-11-17 14:00:00'),
(262,5,7,'2024-11-17 15:00:00'),
(263,5,8,'2024-11-17 15:00:00'),
(264,5,7,'2024-11-17 16:00:00'),
(265,5,8,'2024-11-17 16:00:00'),
(266,5,7,'2024-11-17 17:00:00'),
(267,5,8,'2024-11-17 17:00:00'),
(268,5,7,'2024-11-17 18:00:00'),
(269,5,8,'2024-11-17 18:00:00'),
(270,5,7,'2024-11-17 19:00:00'),
(271,5,8,'2024-11-17 19:00:00'),
(272,5,7,'2024-11-17 20:00:00'),
(273,5,8,'2024-11-17 20:00:00'),
(274,5,7,'2024-11-17 21:00:00'),
(275,5,8,'2024-11-17 21:00:00'),
(276,5,7,'2024-11-17 22:00:00'),
(277,5,8,'2024-11-17 22:00:00'),
(278,5,7,'2024-11-17 23:00:00'),
(279,5,8,'2024-11-17 23:00:00'),
(280,5,7,'2024-11-18 00:00:00'),
(281,5,8,'2024-11-18 00:00:00'),
(282,5,7,'2024-11-18 01:00:00'),
(283,5,8,'2024-11-18 01:00:00'),
(284,5,7,'2024-11-18 02:00:00'),
(285,5,8,'2024-11-18 02:00:00'),
(286,5,7,'2024-11-18 03:00:00'),
(287,5,8,'2024-11-18 03:00:00'),
(288,5,7,'2024-11-18 04:00:00'),
(289,5,8,'2024-11-18 04:00:00'),
(290,5,7,'2024-11-18 05:00:00'),
(291,5,8,'2024-11-18 05:00:00'),
(292,5,7,'2024-11-18 06:00:00'),
(293,5,8,'2024-11-18 06:00:00'),
(294,5,7,'2024-11-18 07:00:00'),
(295,5,8,'2024-11-18 07:00:00'),
(296,5,7,'2024-11-18 08:00:00'),
(297,5,8,'2024-11-18 08:00:00'),
(298,5,7,'2024-11-18 09:00:00'),
(299,5,8,'2024-11-18 09:00:00'),
(300,5,7,'2024-11-18 10:00:00'),
(301,5,8,'2024-11-18 10:00:00'),
(302,5,7,'2024-11-18 11:00:00'),
(303,5,8,'2024-11-18 11:00:00'),
(304,5,7,'2024-11-18 12:00:00'),
(305,5,8,'2024-11-18 12:00:00'),
(306,5,7,'2024-11-18 13:00:00'),
(307,5,8,'2024-11-18 13:00:00'),
(308,5,7,'2024-11-18 14:00:00'),
(309,5,8,'2024-11-18 14:00:00'),
(310,5,7,'2024-11-18 15:00:00'),
(311,5,8,'2024-11-18 15:00:00'),
(312,5,7,'2024-11-18 16:00:00'),
(313,5,8,'2024-11-18 16:00:00'),
(314,5,7,'2024-11-18 17:00:00'),
(315,5,8,'2024-11-18 17:00:00'),
(316,5,7,'2024-11-18 18:00:00'),
(317,5,8,'2024-11-18 18:00:00'),
(318,5,7,'2024-11-18 19:00:00'),
(319,5,8,'2024-11-18 19:00:00'),
(320,5,7,'2024-11-18 20:00:00'),
(321,5,8,'2024-11-18 20:00:00'),
(322,5,7,'2024-11-18 21:00:00'),
(323,5,8,'2024-11-18 21:00:00'),
(324,5,7,'2024-11-18 22:00:00'),
(325,5,8,'2024-11-18 22:00:00'),
(326,5,7,'2024-11-18 23:00:00'),
(327,5,8,'2024-11-18 23:00:00'),
(328,5,7,'2024-11-19 00:00:00'),
(329,5,8,'2024-11-19 00:00:00'),
(330,5,7,'2024-11-19 01:00:00'),
(331,5,8,'2024-11-19 01:00:00'),
(332,5,7,'2024-11-19 02:00:00'),
(333,5,8,'2024-11-19 02:00:00'),
(334,5,7,'2024-11-19 03:00:00'),
(335,5,8,'2024-11-19 03:00:00'),
(336,5,7,'2024-11-19 04:00:00'),
(337,5,8,'2024-11-19 04:00:00'),
(338,5,7,'2024-11-19 05:00:00'),
(339,5,8,'2024-11-19 05:00:00'),
(340,5,7,'2024-11-19 06:00:00'),
(341,5,8,'2024-11-19 06:00:00'),
(342,5,7,'2024-11-19 07:00:00'),
(343,5,8,'2024-11-19 07:00:00'),
(344,5,7,'2024-11-19 08:00:00'),
(345,5,8,'2024-11-19 08:00:00'),
(346,5,7,'2024-11-19 09:00:00'),
(347,5,8,'2024-11-19 09:00:00'),
(348,5,7,'2024-11-19 10:00:00'),
(349,5,8,'2024-11-19 10:00:00'),
(350,5,7,'2024-11-19 11:00:00'),
(351,5,8,'2024-11-19 11:00:00'),
(352,5,7,'2024-11-19 12:00:00'),
(353,5,8,'2024-11-19 12:00:00'),
(354,6,5,'2024-11-18 14:00:00'),
(355,6,5,'2024-11-18 15:00:00'),
(356,6,5,'2024-11-18 16:00:00'),
(357,6,5,'2024-11-18 17:00:00'),
(358,6,5,'2024-11-18 18:00:00'),
(359,6,5,'2024-11-18 19:00:00'),
(360,6,5,'2024-11-18 20:00:00'),
(361,6,5,'2024-11-18 21:00:00'),
(362,6,5,'2024-11-18 22:00:00'),
(363,6,5,'2024-11-18 23:00:00'),
(364,6,5,'2024-11-19 00:00:00'),
(365,6,5,'2024-11-19 01:00:00'),
(366,6,5,'2024-11-19 02:00:00'),
(367,6,5,'2024-11-19 03:00:00'),
(368,6,5,'2024-11-19 04:00:00'),
(369,6,5,'2024-11-19 05:00:00'),
(370,6,5,'2024-11-19 06:00:00'),
(371,6,5,'2024-11-19 07:00:00'),
(372,6,5,'2024-11-19 08:00:00'),
(373,6,5,'2024-11-19 09:00:00'),
(374,6,5,'2024-11-19 10:00:00'),
(375,6,5,'2024-11-19 11:00:00'),
(376,6,5,'2024-11-19 12:00:00'),
(377,6,5,'2024-11-19 13:00:00'),
(378,6,5,'2024-11-19 14:00:00'),
(379,6,5,'2024-11-19 15:00:00'),
(380,6,5,'2024-11-19 16:00:00'),
(381,6,5,'2024-11-19 17:00:00'),
(382,6,5,'2024-11-19 18:00:00'),
(383,6,5,'2024-11-19 19:00:00'),
(384,6,5,'2024-11-19 20:00:00'),
(385,6,5,'2024-11-19 21:00:00'),
(386,6,5,'2024-11-19 22:00:00'),
(387,6,5,'2024-11-19 23:00:00'),
(388,6,5,'2024-11-20 00:00:00'),
(389,6,5,'2024-11-20 01:00:00'),
(390,6,5,'2024-11-20 02:00:00'),
(391,6,5,'2024-11-20 03:00:00'),
(392,6,5,'2024-11-20 04:00:00'),
(393,6,5,'2024-11-20 05:00:00'),
(394,6,5,'2024-11-20 06:00:00'),
(395,6,5,'2024-11-20 07:00:00'),
(396,6,5,'2024-11-20 08:00:00'),
(397,6,5,'2024-11-20 09:00:00'),
(398,6,5,'2024-11-20 10:00:00'),
(399,6,5,'2024-11-20 11:00:00'),
(400,6,5,'2024-11-20 12:00:00'),
(401,6,5,'2024-11-20 13:00:00'),
(402,6,5,'2024-11-20 14:00:00'),
(403,6,5,'2024-11-20 15:00:00'),
(404,6,5,'2024-11-20 16:00:00'),
(405,6,5,'2024-11-20 17:00:00'),
(406,6,5,'2024-11-20 18:00:00'),
(407,6,5,'2024-11-20 19:00:00'),
(408,6,5,'2024-11-20 20:00:00'),
(409,6,5,'2024-11-20 21:00:00'),
(410,6,5,'2024-11-20 22:00:00'),
(411,6,5,'2024-11-20 23:00:00'),
(412,6,5,'2024-11-21 00:00:00'),
(413,6,5,'2024-11-21 01:00:00'),
(414,6,5,'2024-11-21 02:00:00'),
(415,6,5,'2024-11-21 03:00:00'),
(416,6,5,'2024-11-21 04:00:00'),
(417,6,5,'2024-11-21 05:00:00'),
(418,6,5,'2024-11-21 06:00:00'),
(419,6,5,'2024-11-21 07:00:00'),
(420,6,5,'2024-11-21 08:00:00'),
(421,6,5,'2024-11-21 09:00:00'),
(422,6,5,'2024-11-21 10:00:00'),
(423,6,5,'2024-11-21 11:00:00'),
(424,6,5,'2024-11-21 12:00:00'),
(425,7,3,'2024-11-16 14:00:00'),
(426,7,3,'2024-11-16 15:00:00'),
(427,7,3,'2024-11-16 16:00:00'),
(428,7,3,'2024-11-16 17:00:00'),
(429,7,3,'2024-11-16 18:00:00'),
(430,7,3,'2024-11-16 19:00:00'),
(431,7,3,'2024-11-16 20:00:00'),
(432,7,3,'2024-11-16 21:00:00'),
(433,7,3,'2024-11-16 22:00:00'),
(434,7,3,'2024-11-16 23:00:00'),
(435,7,3,'2024-11-17 00:00:00'),
(436,7,3,'2024-11-17 01:00:00'),
(437,7,3,'2024-11-17 02:00:00'),
(438,7,3,'2024-11-17 03:00:00'),
(439,7,3,'2024-11-17 04:00:00'),
(440,7,3,'2024-11-17 05:00:00'),
(441,7,3,'2024-11-17 06:00:00'),
(442,7,3,'2024-11-17 07:00:00'),
(443,7,3,'2024-11-17 08:00:00'),
(444,7,3,'2024-11-17 09:00:00'),
(445,7,3,'2024-11-17 10:00:00'),
(446,7,3,'2024-11-17 11:00:00'),
(447,7,3,'2024-11-17 12:00:00'),
(448,7,3,'2024-11-17 13:00:00'),
(449,7,3,'2024-11-17 14:00:00'),
(450,7,3,'2024-11-17 15:00:00'),
(451,7,3,'2024-11-17 16:00:00'),
(452,7,3,'2024-11-17 17:00:00'),
(453,7,3,'2024-11-17 18:00:00'),
(454,7,3,'2024-11-17 19:00:00'),
(455,7,3,'2024-11-17 20:00:00'),
(456,7,3,'2024-11-17 21:00:00'),
(457,7,3,'2024-11-17 22:00:00'),
(458,7,3,'2024-11-17 23:00:00'),
(459,7,3,'2024-11-18 00:00:00'),
(460,7,3,'2024-11-18 01:00:00'),
(461,7,3,'2024-11-18 02:00:00'),
(462,7,3,'2024-11-18 03:00:00'),
(463,7,3,'2024-11-18 04:00:00'),
(464,7,3,'2024-11-18 05:00:00'),
(465,7,3,'2024-11-18 06:00:00'),
(466,7,3,'2024-11-18 07:00:00'),
(467,7,3,'2024-11-18 08:00:00'),
(468,7,3,'2024-11-18 09:00:00'),
(469,7,3,'2024-11-18 10:00:00'),
(470,7,3,'2024-11-18 11:00:00'),
(471,7,3,'2024-11-18 12:00:00'),
(472,7,3,'2024-11-18 13:00:00'),
(473,7,3,'2024-11-18 14:00:00'),
(474,7,3,'2024-11-18 15:00:00'),
(475,7,3,'2024-11-18 16:00:00'),
(476,7,3,'2024-11-18 17:00:00'),
(477,7,3,'2024-11-18 18:00:00'),
(478,7,3,'2024-11-18 19:00:00'),
(479,7,3,'2024-11-18 20:00:00'),
(480,7,3,'2024-11-18 21:00:00'),
(481,7,3,'2024-11-18 22:00:00'),
(482,7,3,'2024-11-18 23:00:00'),
(483,7,3,'2024-11-19 00:00:00'),
(484,7,3,'2024-11-19 01:00:00'),
(485,7,3,'2024-11-19 02:00:00'),
(486,7,3,'2024-11-19 03:00:00'),
(487,7,3,'2024-11-19 04:00:00'),
(488,7,3,'2024-11-19 05:00:00'),
(489,7,3,'2024-11-19 06:00:00'),
(490,7,3,'2024-11-19 07:00:00'),
(491,7,3,'2024-11-19 08:00:00'),
(492,7,3,'2024-11-19 09:00:00'),
(493,7,3,'2024-11-19 10:00:00'),
(494,7,3,'2024-11-19 11:00:00'),
(495,7,3,'2024-11-19 12:00:00'),
(496,7,3,'2024-11-19 13:00:00'),
(497,7,3,'2024-11-19 14:00:00'),
(498,7,3,'2024-11-19 15:00:00'),
(499,7,3,'2024-11-19 16:00:00'),
(500,7,3,'2024-11-19 17:00:00'),
(501,7,3,'2024-11-19 18:00:00'),
(502,7,3,'2024-11-19 19:00:00'),
(503,7,3,'2024-11-19 20:00:00'),
(504,7,3,'2024-11-19 21:00:00'),
(505,7,3,'2024-11-19 22:00:00'),
(506,7,3,'2024-11-19 23:00:00'),
(507,7,3,'2024-11-20 00:00:00'),
(508,7,3,'2024-11-20 01:00:00'),
(509,7,3,'2024-11-20 02:00:00'),
(510,7,3,'2024-11-20 03:00:00'),
(511,7,3,'2024-11-20 04:00:00'),
(512,7,3,'2024-11-20 05:00:00'),
(513,7,3,'2024-11-20 06:00:00'),
(514,7,3,'2024-11-20 07:00:00'),
(515,7,3,'2024-11-20 08:00:00'),
(516,7,3,'2024-11-20 09:00:00'),
(517,7,3,'2024-11-20 10:00:00'),
(518,7,3,'2024-11-20 11:00:00'),
(519,7,3,'2024-11-20 12:00:00'),
(520,8,6,'2024-11-16 14:00:00'),
(521,8,6,'2024-11-16 15:00:00'),
(522,8,6,'2024-11-16 16:00:00'),
(523,8,6,'2024-11-16 17:00:00'),
(524,8,6,'2024-11-16 18:00:00'),
(525,8,6,'2024-11-16 19:00:00'),
(526,8,6,'2024-11-16 20:00:00'),
(527,8,6,'2024-11-16 21:00:00'),
(528,8,6,'2024-11-16 22:00:00'),
(529,8,6,'2024-11-16 23:00:00'),
(530,8,6,'2024-11-17 00:00:00'),
(531,8,6,'2024-11-17 01:00:00'),
(532,8,6,'2024-11-17 02:00:00'),
(533,8,6,'2024-11-17 03:00:00'),
(534,8,6,'2024-11-17 04:00:00'),
(535,8,6,'2024-11-17 05:00:00'),
(536,8,6,'2024-11-17 06:00:00'),
(537,8,6,'2024-11-17 07:00:00'),
(538,8,6,'2024-11-17 08:00:00'),
(539,8,6,'2024-11-17 09:00:00'),
(540,8,6,'2024-11-17 10:00:00'),
(541,8,6,'2024-11-17 11:00:00'),
(542,8,6,'2024-11-17 12:00:00'),
(543,8,6,'2024-11-17 13:00:00'),
(544,8,6,'2024-11-17 14:00:00'),
(545,8,6,'2024-11-17 15:00:00'),
(546,8,6,'2024-11-17 16:00:00'),
(547,8,6,'2024-11-17 17:00:00'),
(548,8,6,'2024-11-17 18:00:00'),
(549,8,6,'2024-11-17 19:00:00'),
(550,8,6,'2024-11-17 20:00:00'),
(551,8,6,'2024-11-17 21:00:00'),
(552,8,6,'2024-11-17 22:00:00'),
(553,8,6,'2024-11-17 23:00:00'),
(554,8,6,'2024-11-18 00:00:00'),
(555,8,6,'2024-11-18 01:00:00'),
(556,8,6,'2024-11-18 02:00:00'),
(557,8,6,'2024-11-18 03:00:00'),
(558,8,6,'2024-11-18 04:00:00'),
(559,8,6,'2024-11-18 05:00:00'),
(560,8,6,'2024-11-18 06:00:00'),
(561,8,6,'2024-11-18 07:00:00'),
(562,8,6,'2024-11-18 08:00:00'),
(563,8,6,'2024-11-18 09:00:00'),
(564,8,6,'2024-11-18 10:00:00'),
(565,8,6,'2024-11-18 11:00:00'),
(566,8,6,'2024-11-18 12:00:00'),
(567,8,6,'2024-11-18 13:00:00'),
(568,8,6,'2024-11-18 14:00:00'),
(569,8,6,'2024-11-18 15:00:00'),
(570,8,6,'2024-11-18 16:00:00'),
(571,8,6,'2024-11-18 17:00:00'),
(572,8,6,'2024-11-18 18:00:00'),
(573,8,6,'2024-11-18 19:00:00'),
(574,8,6,'2024-11-18 20:00:00'),
(575,8,6,'2024-11-18 21:00:00'),
(576,8,6,'2024-11-18 22:00:00'),
(577,8,6,'2024-11-18 23:00:00'),
(578,8,6,'2024-11-19 00:00:00'),
(579,8,6,'2024-11-19 01:00:00'),
(580,8,6,'2024-11-19 02:00:00'),
(581,8,6,'2024-11-19 03:00:00'),
(582,8,6,'2024-11-19 04:00:00'),
(583,8,6,'2024-11-19 05:00:00'),
(584,8,6,'2024-11-19 06:00:00'),
(585,8,6,'2024-11-19 07:00:00'),
(586,8,6,'2024-11-19 08:00:00'),
(587,8,6,'2024-11-19 09:00:00'),
(588,8,6,'2024-11-19 10:00:00'),
(589,8,6,'2024-11-19 11:00:00'),
(590,8,6,'2024-11-19 12:00:00'),
(591,8,6,'2024-11-19 13:00:00'),
(592,8,6,'2024-11-19 14:00:00'),
(593,8,6,'2024-11-19 15:00:00'),
(594,8,6,'2024-11-19 16:00:00'),
(595,8,6,'2024-11-19 17:00:00'),
(596,8,6,'2024-11-19 18:00:00'),
(597,8,6,'2024-11-19 19:00:00'),
(598,8,6,'2024-11-19 20:00:00'),
(599,8,6,'2024-11-19 21:00:00'),
(600,8,6,'2024-11-19 22:00:00'),
(601,8,6,'2024-11-19 23:00:00'),
(602,8,6,'2024-11-20 00:00:00'),
(603,8,6,'2024-11-20 01:00:00'),
(604,8,6,'2024-11-20 02:00:00'),
(605,8,6,'2024-11-20 03:00:00'),
(606,8,6,'2024-11-20 04:00:00'),
(607,8,6,'2024-11-20 05:00:00'),
(608,8,6,'2024-11-20 06:00:00'),
(609,8,6,'2024-11-20 07:00:00'),
(610,8,6,'2024-11-20 08:00:00'),
(611,8,6,'2024-11-20 09:00:00'),
(612,8,6,'2024-11-20 10:00:00'),
(613,8,6,'2024-11-20 11:00:00'),
(614,8,6,'2024-11-20 12:00:00'),
(615,8,6,'2024-11-20 13:00:00'),
(616,8,6,'2024-11-20 14:00:00'),
(617,8,6,'2024-11-20 15:00:00'),
(618,8,6,'2024-11-20 16:00:00'),
(619,8,6,'2024-11-20 17:00:00'),
(620,8,6,'2024-11-20 18:00:00'),
(621,8,6,'2024-11-20 19:00:00'),
(622,8,6,'2024-11-20 20:00:00'),
(623,8,6,'2024-11-20 21:00:00'),
(624,8,6,'2024-11-20 22:00:00'),
(625,8,6,'2024-11-20 23:00:00'),
(626,8,6,'2024-11-21 00:00:00'),
(627,8,6,'2024-11-21 01:00:00'),
(628,8,6,'2024-11-21 02:00:00'),
(629,8,6,'2024-11-21 03:00:00'),
(630,8,6,'2024-11-21 04:00:00'),
(631,8,6,'2024-11-21 05:00:00'),
(632,8,6,'2024-11-21 06:00:00'),
(633,8,6,'2024-11-21 07:00:00'),
(634,8,6,'2024-11-21 08:00:00'),
(635,8,6,'2024-11-21 09:00:00'),
(636,8,6,'2024-11-21 10:00:00'),
(637,8,6,'2024-11-21 11:00:00'),
(638,8,6,'2024-11-21 12:00:00'),
(639,9,4,'2024-11-19 14:00:00'),
(640,9,4,'2024-11-19 15:00:00'),
(641,9,4,'2024-11-19 16:00:00'),
(642,9,4,'2024-11-19 17:00:00'),
(643,9,4,'2024-11-19 18:00:00'),
(644,9,4,'2024-11-19 19:00:00'),
(645,9,4,'2024-11-19 20:00:00'),
(646,9,4,'2024-11-19 21:00:00'),
(647,9,4,'2024-11-19 22:00:00'),
(648,9,4,'2024-11-19 23:00:00'),
(649,9,4,'2024-11-20 00:00:00'),
(650,9,4,'2024-11-20 01:00:00'),
(651,9,4,'2024-11-20 02:00:00'),
(652,9,4,'2024-11-20 03:00:00'),
(653,9,4,'2024-11-20 04:00:00'),
(654,9,4,'2024-11-20 05:00:00'),
(655,9,4,'2024-11-20 06:00:00'),
(656,9,4,'2024-11-20 07:00:00'),
(657,9,4,'2024-11-20 08:00:00'),
(658,9,4,'2024-11-20 09:00:00'),
(659,9,4,'2024-11-20 10:00:00'),
(660,9,4,'2024-11-20 11:00:00'),
(661,9,4,'2024-11-20 12:00:00'),
(662,9,4,'2024-11-20 13:00:00'),
(663,9,4,'2024-11-20 14:00:00'),
(664,9,4,'2024-11-20 15:00:00'),
(665,9,4,'2024-11-20 16:00:00'),
(666,9,4,'2024-11-20 17:00:00'),
(667,9,4,'2024-11-20 18:00:00'),
(668,9,4,'2024-11-20 19:00:00'),
(669,9,4,'2024-11-20 20:00:00'),
(670,9,4,'2024-11-20 21:00:00'),
(671,9,4,'2024-11-20 22:00:00'),
(672,9,4,'2024-11-20 23:00:00'),
(673,9,4,'2024-11-21 00:00:00'),
(674,9,4,'2024-11-21 01:00:00'),
(675,9,4,'2024-11-21 02:00:00'),
(676,9,4,'2024-11-21 03:00:00'),
(677,9,4,'2024-11-21 04:00:00'),
(678,9,4,'2024-11-21 05:00:00'),
(679,9,4,'2024-11-21 06:00:00'),
(680,9,4,'2024-11-21 07:00:00'),
(681,9,4,'2024-11-21 08:00:00'),
(682,9,4,'2024-11-21 09:00:00'),
(683,9,4,'2024-11-21 10:00:00'),
(684,9,4,'2024-11-21 11:00:00'),
(685,9,4,'2024-11-21 12:00:00'),
(686,9,4,'2024-11-21 13:00:00'),
(687,9,4,'2024-11-21 14:00:00'),
(688,9,4,'2024-11-21 15:00:00'),
(689,9,4,'2024-11-21 16:00:00'),
(690,9,4,'2024-11-21 17:00:00'),
(691,9,4,'2024-11-21 18:00:00'),
(692,9,4,'2024-11-21 19:00:00'),
(693,9,4,'2024-11-21 20:00:00'),
(694,9,4,'2024-11-21 21:00:00'),
(695,9,4,'2024-11-21 22:00:00'),
(696,9,4,'2024-11-21 23:00:00'),
(697,9,4,'2024-11-22 00:00:00'),
(698,9,4,'2024-11-22 01:00:00'),
(699,9,4,'2024-11-22 02:00:00'),
(700,9,4,'2024-11-22 03:00:00'),
(701,9,4,'2024-11-22 04:00:00'),
(702,9,4,'2024-11-22 05:00:00'),
(703,9,4,'2024-11-22 06:00:00'),
(704,9,4,'2024-11-22 07:00:00'),
(705,9,4,'2024-11-22 08:00:00'),
(706,9,4,'2024-11-22 09:00:00'),
(707,9,4,'2024-11-22 10:00:00'),
(708,9,4,'2024-11-22 11:00:00'),
(709,9,4,'2024-11-22 12:00:00'),
(925,11,10,'2024-10-01 14:00:00'),
(926,11,10,'2024-10-01 15:00:00'),
(927,11,10,'2024-10-01 16:00:00'),
(928,11,10,'2024-10-01 17:00:00'),
(929,11,10,'2024-10-01 18:00:00'),
(930,11,10,'2024-10-01 19:00:00'),
(931,11,10,'2024-10-01 20:00:00'),
(932,11,10,'2024-10-01 21:00:00'),
(933,11,10,'2024-10-01 22:00:00'),
(934,11,10,'2024-10-01 23:00:00'),
(935,11,10,'2024-10-02 00:00:00'),
(936,11,10,'2024-10-02 01:00:00'),
(937,11,10,'2024-10-02 02:00:00'),
(938,11,10,'2024-10-02 03:00:00'),
(939,11,10,'2024-10-02 04:00:00'),
(940,11,10,'2024-10-02 05:00:00'),
(941,11,10,'2024-10-02 06:00:00'),
(942,11,10,'2024-10-02 07:00:00'),
(943,11,10,'2024-10-02 08:00:00'),
(944,11,10,'2024-10-02 09:00:00'),
(945,11,10,'2024-10-02 10:00:00'),
(946,11,10,'2024-10-02 11:00:00'),
(947,11,10,'2024-10-02 12:00:00'),
(948,11,10,'2024-10-02 13:00:00'),
(949,11,10,'2024-10-02 14:00:00'),
(950,11,10,'2024-10-02 15:00:00'),
(951,11,10,'2024-10-02 16:00:00'),
(952,11,10,'2024-10-02 17:00:00'),
(953,11,10,'2024-10-02 18:00:00'),
(954,11,10,'2024-10-02 19:00:00'),
(955,11,10,'2024-10-02 20:00:00'),
(956,11,10,'2024-10-02 21:00:00'),
(957,11,10,'2024-10-02 22:00:00'),
(958,11,10,'2024-10-02 23:00:00'),
(959,11,10,'2024-10-03 00:00:00'),
(960,11,10,'2024-10-03 01:00:00'),
(961,11,10,'2024-10-03 02:00:00'),
(962,11,10,'2024-10-03 03:00:00'),
(963,11,10,'2024-10-03 04:00:00'),
(964,11,10,'2024-10-03 05:00:00'),
(965,11,10,'2024-10-03 06:00:00'),
(966,11,10,'2024-10-03 07:00:00'),
(967,11,10,'2024-10-03 08:00:00'),
(968,11,10,'2024-10-03 09:00:00'),
(969,11,10,'2024-10-03 10:00:00'),
(970,11,10,'2024-10-03 11:00:00'),
(971,11,10,'2024-10-03 12:00:00'),
(972,11,10,'2024-10-03 13:00:00'),
(973,11,10,'2024-10-03 14:00:00'),
(974,11,10,'2024-10-03 15:00:00'),
(975,11,10,'2024-10-03 16:00:00'),
(976,11,10,'2024-10-03 17:00:00'),
(977,11,10,'2024-10-03 18:00:00'),
(978,11,10,'2024-10-03 19:00:00'),
(979,11,10,'2024-10-03 20:00:00'),
(980,11,10,'2024-10-03 21:00:00'),
(981,11,10,'2024-10-03 22:00:00'),
(982,11,10,'2024-10-03 23:00:00'),
(983,11,10,'2024-10-04 00:00:00'),
(984,11,10,'2024-10-04 01:00:00'),
(985,11,10,'2024-10-04 02:00:00'),
(986,11,10,'2024-10-04 03:00:00'),
(987,11,10,'2024-10-04 04:00:00'),
(988,11,10,'2024-10-04 05:00:00'),
(989,11,10,'2024-10-04 06:00:00'),
(990,11,10,'2024-10-04 07:00:00'),
(991,11,10,'2024-10-04 08:00:00'),
(992,11,10,'2024-10-04 09:00:00'),
(993,11,10,'2024-10-04 10:00:00'),
(994,11,10,'2024-10-04 11:00:00'),
(995,11,10,'2024-10-04 12:00:00'),
(996,11,10,'2024-10-04 13:00:00'),
(997,11,10,'2024-10-04 14:00:00'),
(998,11,10,'2024-10-04 15:00:00'),
(999,11,10,'2024-10-04 16:00:00'),
(1000,11,10,'2024-10-04 17:00:00'),
(1001,11,10,'2024-10-04 18:00:00'),
(1002,11,10,'2024-10-04 19:00:00'),
(1003,11,10,'2024-10-04 20:00:00'),
(1004,11,10,'2024-10-04 21:00:00'),
(1005,11,10,'2024-10-04 22:00:00'),
(1006,11,10,'2024-10-04 23:00:00'),
(1007,11,10,'2024-10-05 00:00:00'),
(1008,11,10,'2024-10-05 01:00:00'),
(1009,11,10,'2024-10-05 02:00:00'),
(1010,11,10,'2024-10-05 03:00:00'),
(1011,11,10,'2024-10-05 04:00:00'),
(1012,11,10,'2024-10-05 05:00:00'),
(1013,11,10,'2024-10-05 06:00:00'),
(1014,11,10,'2024-10-05 07:00:00'),
(1015,11,10,'2024-10-05 08:00:00'),
(1016,11,10,'2024-10-05 09:00:00'),
(1017,11,10,'2024-10-05 10:00:00'),
(1018,11,10,'2024-10-05 11:00:00'),
(1019,11,10,'2024-10-05 12:00:00'),
(1020,11,10,'2024-10-05 13:00:00'),
(1021,11,10,'2024-10-05 14:00:00'),
(1022,11,10,'2024-10-05 15:00:00'),
(1023,11,10,'2024-10-05 16:00:00'),
(1024,11,10,'2024-10-05 17:00:00'),
(1025,11,10,'2024-10-05 18:00:00'),
(1026,11,10,'2024-10-05 19:00:00'),
(1027,11,10,'2024-10-05 20:00:00'),
(1028,11,10,'2024-10-05 21:00:00'),
(1029,11,10,'2024-10-05 22:00:00'),
(1030,11,10,'2024-10-05 23:00:00'),
(1031,11,10,'2024-10-06 00:00:00'),
(1032,11,10,'2024-10-06 01:00:00'),
(1033,11,10,'2024-10-06 02:00:00'),
(1034,11,10,'2024-10-06 03:00:00'),
(1035,11,10,'2024-10-06 04:00:00'),
(1036,11,10,'2024-10-06 05:00:00'),
(1037,11,10,'2024-10-06 06:00:00'),
(1038,11,10,'2024-10-06 07:00:00'),
(1039,11,10,'2024-10-06 08:00:00'),
(1040,11,10,'2024-10-06 09:00:00'),
(1041,11,10,'2024-10-06 10:00:00'),
(1042,11,10,'2024-10-06 11:00:00'),
(1043,11,10,'2024-10-06 12:00:00'),
(1044,11,10,'2024-10-06 13:00:00'),
(1045,11,10,'2024-10-06 14:00:00'),
(1046,11,10,'2024-10-06 15:00:00'),
(1047,11,10,'2024-10-06 16:00:00'),
(1048,11,10,'2024-10-06 17:00:00'),
(1049,11,10,'2024-10-06 18:00:00'),
(1050,11,10,'2024-10-06 19:00:00'),
(1051,11,10,'2024-10-06 20:00:00'),
(1052,11,10,'2024-10-06 21:00:00'),
(1053,11,10,'2024-10-06 22:00:00'),
(1054,11,10,'2024-10-06 23:00:00'),
(1055,11,10,'2024-10-07 00:00:00'),
(1056,11,10,'2024-10-07 01:00:00'),
(1057,11,10,'2024-10-07 02:00:00'),
(1058,11,10,'2024-10-07 03:00:00'),
(1059,11,10,'2024-10-07 04:00:00'),
(1060,11,10,'2024-10-07 05:00:00'),
(1061,11,10,'2024-10-07 06:00:00'),
(1062,11,10,'2024-10-07 07:00:00'),
(1063,11,10,'2024-10-07 08:00:00'),
(1064,11,10,'2024-10-07 09:00:00'),
(1065,11,10,'2024-10-07 10:00:00'),
(1066,11,10,'2024-10-07 11:00:00'),
(1067,11,10,'2024-10-07 12:00:00'),
(1068,12,7,'2024-11-01 14:00:00'),
(1069,12,8,'2024-11-01 14:00:00'),
(1070,12,7,'2024-11-01 15:00:00'),
(1071,12,8,'2024-11-01 15:00:00'),
(1072,12,7,'2024-11-01 16:00:00'),
(1073,12,8,'2024-11-01 16:00:00'),
(1074,12,7,'2024-11-01 17:00:00'),
(1075,12,8,'2024-11-01 17:00:00'),
(1076,12,7,'2024-11-01 18:00:00'),
(1077,12,8,'2024-11-01 18:00:00'),
(1078,12,7,'2024-11-01 19:00:00'),
(1079,12,8,'2024-11-01 19:00:00'),
(1080,12,7,'2024-11-01 20:00:00'),
(1081,12,8,'2024-11-01 20:00:00'),
(1082,12,7,'2024-11-01 21:00:00'),
(1083,12,8,'2024-11-01 21:00:00'),
(1084,12,7,'2024-11-01 22:00:00'),
(1085,12,8,'2024-11-01 22:00:00'),
(1086,12,7,'2024-11-01 23:00:00'),
(1087,12,8,'2024-11-01 23:00:00'),
(1088,12,7,'2024-11-02 00:00:00'),
(1089,12,8,'2024-11-02 00:00:00'),
(1090,12,7,'2024-11-02 01:00:00'),
(1091,12,8,'2024-11-02 01:00:00'),
(1092,12,7,'2024-11-02 02:00:00'),
(1093,12,8,'2024-11-02 02:00:00'),
(1094,12,7,'2024-11-02 03:00:00'),
(1095,12,8,'2024-11-02 03:00:00'),
(1096,12,7,'2024-11-02 04:00:00'),
(1097,12,8,'2024-11-02 04:00:00'),
(1098,12,7,'2024-11-02 05:00:00'),
(1099,12,8,'2024-11-02 05:00:00'),
(1100,12,7,'2024-11-02 06:00:00'),
(1101,12,8,'2024-11-02 06:00:00'),
(1102,12,7,'2024-11-02 07:00:00'),
(1103,12,8,'2024-11-02 07:00:00'),
(1104,12,7,'2024-11-02 08:00:00'),
(1105,12,8,'2024-11-02 08:00:00'),
(1106,12,7,'2024-11-02 09:00:00'),
(1107,12,8,'2024-11-02 09:00:00'),
(1108,12,7,'2024-11-02 10:00:00'),
(1109,12,8,'2024-11-02 10:00:00'),
(1110,12,7,'2024-11-02 11:00:00'),
(1111,12,8,'2024-11-02 11:00:00'),
(1112,12,7,'2024-11-02 12:00:00'),
(1113,12,8,'2024-11-02 12:00:00'),
(1114,12,7,'2024-11-02 13:00:00'),
(1115,12,8,'2024-11-02 13:00:00'),
(1116,12,7,'2024-11-02 14:00:00'),
(1117,12,8,'2024-11-02 14:00:00'),
(1118,12,7,'2024-11-02 15:00:00'),
(1119,12,8,'2024-11-02 15:00:00'),
(1120,12,7,'2024-11-02 16:00:00'),
(1121,12,8,'2024-11-02 16:00:00'),
(1122,12,7,'2024-11-02 17:00:00'),
(1123,12,8,'2024-11-02 17:00:00'),
(1124,12,7,'2024-11-02 18:00:00'),
(1125,12,8,'2024-11-02 18:00:00'),
(1126,12,7,'2024-11-02 19:00:00'),
(1127,12,8,'2024-11-02 19:00:00'),
(1128,12,7,'2024-11-02 20:00:00'),
(1129,12,8,'2024-11-02 20:00:00'),
(1130,12,7,'2024-11-02 21:00:00'),
(1131,12,8,'2024-11-02 21:00:00'),
(1132,12,7,'2024-11-02 22:00:00'),
(1133,12,8,'2024-11-02 22:00:00'),
(1134,12,7,'2024-11-02 23:00:00'),
(1135,12,8,'2024-11-02 23:00:00'),
(1136,12,7,'2024-11-03 00:00:00'),
(1137,12,8,'2024-11-03 00:00:00'),
(1138,12,7,'2024-11-03 01:00:00'),
(1139,12,8,'2024-11-03 01:00:00'),
(1140,12,7,'2024-11-03 02:00:00'),
(1141,12,8,'2024-11-03 02:00:00'),
(1142,12,7,'2024-11-03 03:00:00'),
(1143,12,8,'2024-11-03 03:00:00'),
(1144,12,7,'2024-11-03 04:00:00'),
(1145,12,8,'2024-11-03 04:00:00'),
(1146,12,7,'2024-11-03 05:00:00'),
(1147,12,8,'2024-11-03 05:00:00'),
(1148,12,7,'2024-11-03 06:00:00'),
(1149,12,8,'2024-11-03 06:00:00'),
(1150,12,7,'2024-11-03 07:00:00'),
(1151,12,8,'2024-11-03 07:00:00'),
(1152,12,7,'2024-11-03 08:00:00'),
(1153,12,8,'2024-11-03 08:00:00'),
(1154,12,7,'2024-11-03 09:00:00'),
(1155,12,8,'2024-11-03 09:00:00'),
(1156,12,7,'2024-11-03 10:00:00'),
(1157,12,8,'2024-11-03 10:00:00'),
(1158,12,7,'2024-11-03 11:00:00'),
(1159,12,8,'2024-11-03 11:00:00'),
(1160,12,7,'2024-11-03 12:00:00'),
(1161,12,8,'2024-11-03 12:00:00'),
(1162,12,7,'2024-11-03 13:00:00'),
(1163,12,8,'2024-11-03 13:00:00'),
(1164,12,7,'2024-11-03 14:00:00'),
(1165,12,8,'2024-11-03 14:00:00'),
(1166,12,7,'2024-11-03 15:00:00'),
(1167,12,8,'2024-11-03 15:00:00'),
(1168,12,7,'2024-11-03 16:00:00'),
(1169,12,8,'2024-11-03 16:00:00'),
(1170,12,7,'2024-11-03 17:00:00'),
(1171,12,8,'2024-11-03 17:00:00'),
(1172,12,7,'2024-11-03 18:00:00'),
(1173,12,8,'2024-11-03 18:00:00'),
(1174,12,7,'2024-11-03 19:00:00'),
(1175,12,8,'2024-11-03 19:00:00'),
(1176,12,7,'2024-11-03 20:00:00'),
(1177,12,8,'2024-11-03 20:00:00'),
(1178,12,7,'2024-11-03 21:00:00'),
(1179,12,8,'2024-11-03 21:00:00'),
(1180,12,7,'2024-11-03 22:00:00'),
(1181,12,8,'2024-11-03 22:00:00'),
(1182,12,7,'2024-11-03 23:00:00'),
(1183,12,8,'2024-11-03 23:00:00'),
(1184,12,7,'2024-11-04 00:00:00'),
(1185,12,8,'2024-11-04 00:00:00'),
(1186,12,7,'2024-11-04 01:00:00'),
(1187,12,8,'2024-11-04 01:00:00'),
(1188,12,7,'2024-11-04 02:00:00'),
(1189,12,8,'2024-11-04 02:00:00'),
(1190,12,7,'2024-11-04 03:00:00'),
(1191,12,8,'2024-11-04 03:00:00'),
(1192,12,7,'2024-11-04 04:00:00'),
(1193,12,8,'2024-11-04 04:00:00'),
(1194,12,7,'2024-11-04 05:00:00'),
(1195,12,8,'2024-11-04 05:00:00'),
(1196,12,7,'2024-11-04 06:00:00'),
(1197,12,8,'2024-11-04 06:00:00'),
(1198,12,7,'2024-11-04 07:00:00'),
(1199,12,8,'2024-11-04 07:00:00'),
(1200,12,7,'2024-11-04 08:00:00'),
(1201,12,8,'2024-11-04 08:00:00'),
(1202,12,7,'2024-11-04 09:00:00'),
(1203,12,8,'2024-11-04 09:00:00'),
(1204,12,7,'2024-11-04 10:00:00'),
(1205,12,8,'2024-11-04 10:00:00'),
(1206,12,7,'2024-11-04 11:00:00'),
(1207,12,8,'2024-11-04 11:00:00'),
(1208,12,7,'2024-11-04 12:00:00'),
(1209,12,8,'2024-11-04 12:00:00'),
(1210,12,7,'2024-11-04 13:00:00'),
(1211,12,8,'2024-11-04 13:00:00'),
(1212,12,7,'2024-11-04 14:00:00'),
(1213,12,8,'2024-11-04 14:00:00'),
(1214,12,7,'2024-11-04 15:00:00'),
(1215,12,8,'2024-11-04 15:00:00'),
(1216,12,7,'2024-11-04 16:00:00'),
(1217,12,8,'2024-11-04 16:00:00'),
(1218,12,7,'2024-11-04 17:00:00'),
(1219,12,8,'2024-11-04 17:00:00'),
(1220,12,7,'2024-11-04 18:00:00'),
(1221,12,8,'2024-11-04 18:00:00'),
(1222,12,7,'2024-11-04 19:00:00'),
(1223,12,8,'2024-11-04 19:00:00'),
(1224,12,7,'2024-11-04 20:00:00'),
(1225,12,8,'2024-11-04 20:00:00'),
(1226,12,7,'2024-11-04 21:00:00'),
(1227,12,8,'2024-11-04 21:00:00'),
(1228,12,7,'2024-11-04 22:00:00'),
(1229,12,8,'2024-11-04 22:00:00'),
(1230,12,7,'2024-11-04 23:00:00'),
(1231,12,8,'2024-11-04 23:00:00'),
(1232,12,7,'2024-11-05 00:00:00'),
(1233,12,8,'2024-11-05 00:00:00'),
(1234,12,7,'2024-11-05 01:00:00'),
(1235,12,8,'2024-11-05 01:00:00'),
(1236,12,7,'2024-11-05 02:00:00'),
(1237,12,8,'2024-11-05 02:00:00'),
(1238,12,7,'2024-11-05 03:00:00'),
(1239,12,8,'2024-11-05 03:00:00'),
(1240,12,7,'2024-11-05 04:00:00'),
(1241,12,8,'2024-11-05 04:00:00'),
(1242,12,7,'2024-11-05 05:00:00'),
(1243,12,8,'2024-11-05 05:00:00'),
(1244,12,7,'2024-11-05 06:00:00'),
(1245,12,8,'2024-11-05 06:00:00'),
(1246,12,7,'2024-11-05 07:00:00'),
(1247,12,8,'2024-11-05 07:00:00'),
(1248,12,7,'2024-11-05 08:00:00'),
(1249,12,8,'2024-11-05 08:00:00'),
(1250,12,7,'2024-11-05 09:00:00'),
(1251,12,8,'2024-11-05 09:00:00'),
(1252,12,7,'2024-11-05 10:00:00'),
(1253,12,8,'2024-11-05 10:00:00'),
(1254,12,7,'2024-11-05 11:00:00'),
(1255,12,8,'2024-11-05 11:00:00'),
(1256,12,7,'2024-11-05 12:00:00'),
(1257,12,8,'2024-11-05 12:00:00'),
(1258,12,7,'2024-11-05 13:00:00'),
(1259,12,8,'2024-11-05 13:00:00'),
(1260,12,7,'2024-11-05 14:00:00'),
(1261,12,8,'2024-11-05 14:00:00'),
(1262,12,7,'2024-11-05 15:00:00'),
(1263,12,8,'2024-11-05 15:00:00'),
(1264,12,7,'2024-11-05 16:00:00'),
(1265,12,8,'2024-11-05 16:00:00'),
(1266,12,7,'2024-11-05 17:00:00'),
(1267,12,8,'2024-11-05 17:00:00'),
(1268,12,7,'2024-11-05 18:00:00'),
(1269,12,8,'2024-11-05 18:00:00'),
(1270,12,7,'2024-11-05 19:00:00'),
(1271,12,8,'2024-11-05 19:00:00'),
(1272,12,7,'2024-11-05 20:00:00'),
(1273,12,8,'2024-11-05 20:00:00'),
(1274,12,7,'2024-11-05 21:00:00'),
(1275,12,8,'2024-11-05 21:00:00'),
(1276,12,7,'2024-11-05 22:00:00'),
(1277,12,8,'2024-11-05 22:00:00'),
(1278,12,7,'2024-11-05 23:00:00'),
(1279,12,8,'2024-11-05 23:00:00'),
(1280,12,7,'2024-11-06 00:00:00'),
(1281,12,8,'2024-11-06 00:00:00'),
(1282,12,7,'2024-11-06 01:00:00'),
(1283,12,8,'2024-11-06 01:00:00'),
(1284,12,7,'2024-11-06 02:00:00'),
(1285,12,8,'2024-11-06 02:00:00'),
(1286,12,7,'2024-11-06 03:00:00'),
(1287,12,8,'2024-11-06 03:00:00'),
(1288,12,7,'2024-11-06 04:00:00'),
(1289,12,8,'2024-11-06 04:00:00'),
(1290,12,7,'2024-11-06 05:00:00'),
(1291,12,8,'2024-11-06 05:00:00'),
(1292,12,7,'2024-11-06 06:00:00'),
(1293,12,8,'2024-11-06 06:00:00'),
(1294,12,7,'2024-11-06 07:00:00'),
(1295,12,8,'2024-11-06 07:00:00'),
(1296,12,7,'2024-11-06 08:00:00'),
(1297,12,8,'2024-11-06 08:00:00'),
(1298,12,7,'2024-11-06 09:00:00'),
(1299,12,8,'2024-11-06 09:00:00'),
(1300,12,7,'2024-11-06 10:00:00'),
(1301,12,8,'2024-11-06 10:00:00'),
(1302,12,7,'2024-11-06 11:00:00'),
(1303,12,8,'2024-11-06 11:00:00'),
(1304,12,7,'2024-11-06 12:00:00'),
(1305,12,8,'2024-11-06 12:00:00'),
(1306,12,7,'2024-11-06 13:00:00'),
(1307,12,8,'2024-11-06 13:00:00'),
(1308,12,7,'2024-11-06 14:00:00'),
(1309,12,8,'2024-11-06 14:00:00'),
(1310,12,7,'2024-11-06 15:00:00'),
(1311,12,8,'2024-11-06 15:00:00'),
(1312,12,7,'2024-11-06 16:00:00'),
(1313,12,8,'2024-11-06 16:00:00'),
(1314,12,7,'2024-11-06 17:00:00'),
(1315,12,8,'2024-11-06 17:00:00'),
(1316,12,7,'2024-11-06 18:00:00'),
(1317,12,8,'2024-11-06 18:00:00'),
(1318,12,7,'2024-11-06 19:00:00'),
(1319,12,8,'2024-11-06 19:00:00'),
(1320,12,7,'2024-11-06 20:00:00'),
(1321,12,8,'2024-11-06 20:00:00'),
(1322,12,7,'2024-11-06 21:00:00'),
(1323,12,8,'2024-11-06 21:00:00'),
(1324,12,7,'2024-11-06 22:00:00'),
(1325,12,8,'2024-11-06 22:00:00'),
(1326,12,7,'2024-11-06 23:00:00'),
(1327,12,8,'2024-11-06 23:00:00'),
(1328,12,7,'2024-11-07 00:00:00'),
(1329,12,8,'2024-11-07 00:00:00'),
(1330,12,7,'2024-11-07 01:00:00'),
(1331,12,8,'2024-11-07 01:00:00'),
(1332,12,7,'2024-11-07 02:00:00'),
(1333,12,8,'2024-11-07 02:00:00'),
(1334,12,7,'2024-11-07 03:00:00'),
(1335,12,8,'2024-11-07 03:00:00'),
(1336,12,7,'2024-11-07 04:00:00'),
(1337,12,8,'2024-11-07 04:00:00'),
(1338,12,7,'2024-11-07 05:00:00'),
(1339,12,8,'2024-11-07 05:00:00'),
(1340,12,7,'2024-11-07 06:00:00'),
(1341,12,8,'2024-11-07 06:00:00'),
(1342,12,7,'2024-11-07 07:00:00'),
(1343,12,8,'2024-11-07 07:00:00'),
(1344,12,7,'2024-11-07 08:00:00'),
(1345,12,8,'2024-11-07 08:00:00'),
(1346,12,7,'2024-11-07 09:00:00'),
(1347,12,8,'2024-11-07 09:00:00'),
(1348,12,7,'2024-11-07 10:00:00'),
(1349,12,8,'2024-11-07 10:00:00'),
(1350,12,7,'2024-11-07 11:00:00'),
(1351,12,8,'2024-11-07 11:00:00'),
(1352,12,7,'2024-11-07 12:00:00'),
(1353,12,8,'2024-11-07 12:00:00'),
(1354,12,7,'2024-11-07 13:00:00'),
(1355,12,8,'2024-11-07 13:00:00'),
(1356,12,7,'2024-11-07 14:00:00'),
(1357,12,8,'2024-11-07 14:00:00'),
(1358,12,7,'2024-11-07 15:00:00'),
(1359,12,8,'2024-11-07 15:00:00'),
(1360,12,7,'2024-11-07 16:00:00'),
(1361,12,8,'2024-11-07 16:00:00'),
(1362,12,7,'2024-11-07 17:00:00'),
(1363,12,8,'2024-11-07 17:00:00'),
(1364,12,7,'2024-11-07 18:00:00'),
(1365,12,8,'2024-11-07 18:00:00'),
(1366,12,7,'2024-11-07 19:00:00'),
(1367,12,8,'2024-11-07 19:00:00'),
(1368,12,7,'2024-11-07 20:00:00'),
(1369,12,8,'2024-11-07 20:00:00'),
(1370,12,7,'2024-11-07 21:00:00'),
(1371,12,8,'2024-11-07 21:00:00'),
(1372,12,7,'2024-11-07 22:00:00'),
(1373,12,8,'2024-11-07 22:00:00'),
(1374,12,7,'2024-11-07 23:00:00'),
(1375,12,8,'2024-11-07 23:00:00'),
(1376,12,7,'2024-11-08 00:00:00'),
(1377,12,8,'2024-11-08 00:00:00'),
(1378,12,7,'2024-11-08 01:00:00'),
(1379,12,8,'2024-11-08 01:00:00'),
(1380,12,7,'2024-11-08 02:00:00'),
(1381,12,8,'2024-11-08 02:00:00'),
(1382,12,7,'2024-11-08 03:00:00'),
(1383,12,8,'2024-11-08 03:00:00'),
(1384,12,7,'2024-11-08 04:00:00'),
(1385,12,8,'2024-11-08 04:00:00'),
(1386,12,7,'2024-11-08 05:00:00'),
(1387,12,8,'2024-11-08 05:00:00'),
(1388,12,7,'2024-11-08 06:00:00'),
(1389,12,8,'2024-11-08 06:00:00'),
(1390,12,7,'2024-11-08 07:00:00'),
(1391,12,8,'2024-11-08 07:00:00'),
(1392,12,7,'2024-11-08 08:00:00'),
(1393,12,8,'2024-11-08 08:00:00'),
(1394,12,7,'2024-11-08 09:00:00'),
(1395,12,8,'2024-11-08 09:00:00'),
(1396,12,7,'2024-11-08 10:00:00'),
(1397,12,8,'2024-11-08 10:00:00'),
(1398,12,7,'2024-11-08 11:00:00'),
(1399,12,8,'2024-11-08 11:00:00'),
(1400,12,7,'2024-11-08 12:00:00'),
(1401,12,8,'2024-11-08 12:00:00'),
(1402,12,7,'2024-11-08 13:00:00'),
(1403,12,8,'2024-11-08 13:00:00'),
(1404,12,7,'2024-11-08 14:00:00'),
(1405,12,8,'2024-11-08 14:00:00'),
(1406,12,7,'2024-11-08 15:00:00'),
(1407,12,8,'2024-11-08 15:00:00'),
(1408,12,7,'2024-11-08 16:00:00'),
(1409,12,8,'2024-11-08 16:00:00'),
(1410,12,7,'2024-11-08 17:00:00'),
(1411,12,8,'2024-11-08 17:00:00'),
(1412,12,7,'2024-11-08 18:00:00'),
(1413,12,8,'2024-11-08 18:00:00'),
(1414,12,7,'2024-11-08 19:00:00'),
(1415,12,8,'2024-11-08 19:00:00'),
(1416,12,7,'2024-11-08 20:00:00'),
(1417,12,8,'2024-11-08 20:00:00'),
(1418,12,7,'2024-11-08 21:00:00'),
(1419,12,8,'2024-11-08 21:00:00'),
(1420,12,7,'2024-11-08 22:00:00'),
(1421,12,8,'2024-11-08 22:00:00'),
(1422,12,7,'2024-11-08 23:00:00'),
(1423,12,8,'2024-11-08 23:00:00'),
(1424,12,7,'2024-11-09 00:00:00'),
(1425,12,8,'2024-11-09 00:00:00'),
(1426,12,7,'2024-11-09 01:00:00'),
(1427,12,8,'2024-11-09 01:00:00'),
(1428,12,7,'2024-11-09 02:00:00'),
(1429,12,8,'2024-11-09 02:00:00'),
(1430,12,7,'2024-11-09 03:00:00'),
(1431,12,8,'2024-11-09 03:00:00'),
(1432,12,7,'2024-11-09 04:00:00'),
(1433,12,8,'2024-11-09 04:00:00'),
(1434,12,7,'2024-11-09 05:00:00'),
(1435,12,8,'2024-11-09 05:00:00'),
(1436,12,7,'2024-11-09 06:00:00'),
(1437,12,8,'2024-11-09 06:00:00'),
(1438,12,7,'2024-11-09 07:00:00'),
(1439,12,8,'2024-11-09 07:00:00'),
(1440,12,7,'2024-11-09 08:00:00'),
(1441,12,8,'2024-11-09 08:00:00'),
(1442,12,7,'2024-11-09 09:00:00'),
(1443,12,8,'2024-11-09 09:00:00'),
(1444,12,7,'2024-11-09 10:00:00'),
(1445,12,8,'2024-11-09 10:00:00'),
(1446,12,7,'2024-11-09 11:00:00'),
(1447,12,8,'2024-11-09 11:00:00'),
(1448,12,7,'2024-11-09 12:00:00'),
(1449,12,8,'2024-11-09 12:00:00'),
(1450,12,7,'2024-11-09 13:00:00'),
(1451,12,8,'2024-11-09 13:00:00'),
(1452,12,7,'2024-11-09 14:00:00'),
(1453,12,8,'2024-11-09 14:00:00'),
(1454,12,7,'2024-11-09 15:00:00'),
(1455,12,8,'2024-11-09 15:00:00'),
(1456,12,7,'2024-11-09 16:00:00'),
(1457,12,8,'2024-11-09 16:00:00'),
(1458,12,7,'2024-11-09 17:00:00'),
(1459,12,8,'2024-11-09 17:00:00'),
(1460,12,7,'2024-11-09 18:00:00'),
(1461,12,8,'2024-11-09 18:00:00'),
(1462,12,7,'2024-11-09 19:00:00'),
(1463,12,8,'2024-11-09 19:00:00'),
(1464,12,7,'2024-11-09 20:00:00'),
(1465,12,8,'2024-11-09 20:00:00'),
(1466,12,7,'2024-11-09 21:00:00'),
(1467,12,8,'2024-11-09 21:00:00'),
(1468,12,7,'2024-11-09 22:00:00'),
(1469,12,8,'2024-11-09 22:00:00'),
(1470,12,7,'2024-11-09 23:00:00'),
(1471,12,8,'2024-11-09 23:00:00'),
(1472,12,7,'2024-11-10 00:00:00'),
(1473,12,8,'2024-11-10 00:00:00'),
(1474,12,7,'2024-11-10 01:00:00'),
(1475,12,8,'2024-11-10 01:00:00'),
(1476,12,7,'2024-11-10 02:00:00'),
(1477,12,8,'2024-11-10 02:00:00'),
(1478,12,7,'2024-11-10 03:00:00'),
(1479,12,8,'2024-11-10 03:00:00'),
(1480,12,7,'2024-11-10 04:00:00'),
(1481,12,8,'2024-11-10 04:00:00'),
(1482,12,7,'2024-11-10 05:00:00'),
(1483,12,8,'2024-11-10 05:00:00'),
(1484,12,7,'2024-11-10 06:00:00'),
(1485,12,8,'2024-11-10 06:00:00'),
(1486,12,7,'2024-11-10 07:00:00'),
(1487,12,8,'2024-11-10 07:00:00'),
(1488,12,7,'2024-11-10 08:00:00'),
(1489,12,8,'2024-11-10 08:00:00'),
(1490,12,7,'2024-11-10 09:00:00'),
(1491,12,8,'2024-11-10 09:00:00'),
(1492,12,7,'2024-11-10 10:00:00'),
(1493,12,8,'2024-11-10 10:00:00'),
(1494,12,7,'2024-11-10 11:00:00'),
(1495,12,8,'2024-11-10 11:00:00'),
(1496,12,7,'2024-11-10 12:00:00'),
(1497,12,8,'2024-11-10 12:00:00'),
(1498,12,7,'2024-11-10 13:00:00'),
(1499,12,8,'2024-11-10 13:00:00'),
(1500,12,7,'2024-11-10 14:00:00'),
(1501,12,8,'2024-11-10 14:00:00'),
(1502,12,7,'2024-11-10 15:00:00'),
(1503,12,8,'2024-11-10 15:00:00'),
(1504,12,7,'2024-11-10 16:00:00'),
(1505,12,8,'2024-11-10 16:00:00'),
(1506,12,7,'2024-11-10 17:00:00'),
(1507,12,8,'2024-11-10 17:00:00'),
(1508,12,7,'2024-11-10 18:00:00'),
(1509,12,8,'2024-11-10 18:00:00'),
(1510,12,7,'2024-11-10 19:00:00'),
(1511,12,8,'2024-11-10 19:00:00'),
(1512,12,7,'2024-11-10 20:00:00'),
(1513,12,8,'2024-11-10 20:00:00'),
(1514,12,7,'2024-11-10 21:00:00'),
(1515,12,8,'2024-11-10 21:00:00'),
(1516,12,7,'2024-11-10 22:00:00'),
(1517,12,8,'2024-11-10 22:00:00'),
(1518,12,7,'2024-11-10 23:00:00'),
(1519,12,8,'2024-11-10 23:00:00'),
(1520,12,7,'2024-11-11 00:00:00'),
(1521,12,8,'2024-11-11 00:00:00'),
(1522,12,7,'2024-11-11 01:00:00'),
(1523,12,8,'2024-11-11 01:00:00'),
(1524,12,7,'2024-11-11 02:00:00'),
(1525,12,8,'2024-11-11 02:00:00'),
(1526,12,7,'2024-11-11 03:00:00'),
(1527,12,8,'2024-11-11 03:00:00'),
(1528,12,7,'2024-11-11 04:00:00'),
(1529,12,8,'2024-11-11 04:00:00'),
(1530,12,7,'2024-11-11 05:00:00'),
(1531,12,8,'2024-11-11 05:00:00'),
(1532,12,7,'2024-11-11 06:00:00'),
(1533,12,8,'2024-11-11 06:00:00'),
(1534,12,7,'2024-11-11 07:00:00'),
(1535,12,8,'2024-11-11 07:00:00'),
(1536,12,7,'2024-11-11 08:00:00'),
(1537,12,8,'2024-11-11 08:00:00'),
(1538,12,7,'2024-11-11 09:00:00'),
(1539,12,8,'2024-11-11 09:00:00'),
(1540,12,7,'2024-11-11 10:00:00'),
(1541,12,8,'2024-11-11 10:00:00'),
(1542,12,7,'2024-11-11 11:00:00'),
(1543,12,8,'2024-11-11 11:00:00'),
(1544,12,7,'2024-11-11 12:00:00'),
(1545,12,8,'2024-11-11 12:00:00'),
(1546,12,7,'2024-11-11 13:00:00'),
(1547,12,8,'2024-11-11 13:00:00'),
(1548,12,7,'2024-11-11 14:00:00'),
(1549,12,8,'2024-11-11 14:00:00'),
(1550,12,7,'2024-11-11 15:00:00'),
(1551,12,8,'2024-11-11 15:00:00'),
(1552,12,7,'2024-11-11 16:00:00'),
(1553,12,8,'2024-11-11 16:00:00'),
(1554,12,7,'2024-11-11 17:00:00'),
(1555,12,8,'2024-11-11 17:00:00'),
(1556,12,7,'2024-11-11 18:00:00'),
(1557,12,8,'2024-11-11 18:00:00'),
(1558,12,7,'2024-11-11 19:00:00'),
(1559,12,8,'2024-11-11 19:00:00'),
(1560,12,7,'2024-11-11 20:00:00'),
(1561,12,8,'2024-11-11 20:00:00'),
(1562,12,7,'2024-11-11 21:00:00'),
(1563,12,8,'2024-11-11 21:00:00'),
(1564,12,7,'2024-11-11 22:00:00'),
(1565,12,8,'2024-11-11 22:00:00'),
(1566,12,7,'2024-11-11 23:00:00'),
(1567,12,8,'2024-11-11 23:00:00'),
(1568,12,7,'2024-11-12 00:00:00'),
(1569,12,8,'2024-11-12 00:00:00'),
(1570,12,7,'2024-11-12 01:00:00'),
(1571,12,8,'2024-11-12 01:00:00'),
(1572,12,7,'2024-11-12 02:00:00'),
(1573,12,8,'2024-11-12 02:00:00'),
(1574,12,7,'2024-11-12 03:00:00'),
(1575,12,8,'2024-11-12 03:00:00'),
(1576,12,7,'2024-11-12 04:00:00'),
(1577,12,8,'2024-11-12 04:00:00'),
(1578,12,7,'2024-11-12 05:00:00'),
(1579,12,8,'2024-11-12 05:00:00'),
(1580,12,7,'2024-11-12 06:00:00'),
(1581,12,8,'2024-11-12 06:00:00'),
(1582,12,7,'2024-11-12 07:00:00'),
(1583,12,8,'2024-11-12 07:00:00'),
(1584,12,7,'2024-11-12 08:00:00'),
(1585,12,8,'2024-11-12 08:00:00'),
(1586,12,7,'2024-11-12 09:00:00'),
(1587,12,8,'2024-11-12 09:00:00'),
(1588,12,7,'2024-11-12 10:00:00'),
(1589,12,8,'2024-11-12 10:00:00'),
(1590,12,7,'2024-11-12 11:00:00'),
(1591,12,8,'2024-11-12 11:00:00'),
(1592,12,7,'2024-11-12 12:00:00'),
(1593,12,8,'2024-11-12 12:00:00'),
(1688,13,7,'2024-11-20 14:00:00'),
(1689,13,8,'2024-11-20 14:00:00'),
(1690,13,7,'2024-11-20 15:00:00'),
(1691,13,8,'2024-11-20 15:00:00'),
(1692,13,7,'2024-11-20 16:00:00'),
(1693,13,8,'2024-11-20 16:00:00'),
(1694,13,7,'2024-11-20 17:00:00'),
(1695,13,8,'2024-11-20 17:00:00'),
(1696,13,7,'2024-11-20 18:00:00'),
(1697,13,8,'2024-11-20 18:00:00'),
(1698,13,7,'2024-11-20 19:00:00'),
(1699,13,8,'2024-11-20 19:00:00'),
(1700,13,7,'2024-11-20 20:00:00'),
(1701,13,8,'2024-11-20 20:00:00'),
(1702,13,7,'2024-11-20 21:00:00'),
(1703,13,8,'2024-11-20 21:00:00'),
(1704,13,7,'2024-11-20 22:00:00'),
(1705,13,8,'2024-11-20 22:00:00'),
(1706,13,7,'2024-11-20 23:00:00'),
(1707,13,8,'2024-11-20 23:00:00'),
(1708,13,7,'2024-11-21 00:00:00'),
(1709,13,8,'2024-11-21 00:00:00'),
(1710,13,7,'2024-11-21 01:00:00'),
(1711,13,8,'2024-11-21 01:00:00'),
(1712,13,7,'2024-11-21 02:00:00'),
(1713,13,8,'2024-11-21 02:00:00'),
(1714,13,7,'2024-11-21 03:00:00'),
(1715,13,8,'2024-11-21 03:00:00'),
(1716,13,7,'2024-11-21 04:00:00'),
(1717,13,8,'2024-11-21 04:00:00'),
(1718,13,7,'2024-11-21 05:00:00'),
(1719,13,8,'2024-11-21 05:00:00'),
(1720,13,7,'2024-11-21 06:00:00'),
(1721,13,8,'2024-11-21 06:00:00'),
(1722,13,7,'2024-11-21 07:00:00'),
(1723,13,8,'2024-11-21 07:00:00'),
(1724,13,7,'2024-11-21 08:00:00'),
(1725,13,8,'2024-11-21 08:00:00'),
(1726,13,7,'2024-11-21 09:00:00'),
(1727,13,8,'2024-11-21 09:00:00'),
(1728,13,7,'2024-11-21 10:00:00'),
(1729,13,8,'2024-11-21 10:00:00'),
(1730,13,7,'2024-11-21 11:00:00'),
(1731,13,8,'2024-11-21 11:00:00'),
(1732,13,7,'2024-11-21 12:00:00'),
(1733,13,8,'2024-11-21 12:00:00'),
(1734,13,7,'2024-11-21 13:00:00'),
(1735,13,8,'2024-11-21 13:00:00'),
(1736,13,7,'2024-11-21 14:00:00'),
(1737,13,8,'2024-11-21 14:00:00'),
(1738,13,7,'2024-11-21 15:00:00'),
(1739,13,8,'2024-11-21 15:00:00'),
(1740,13,7,'2024-11-21 16:00:00'),
(1741,13,8,'2024-11-21 16:00:00'),
(1742,13,7,'2024-11-21 17:00:00'),
(1743,13,8,'2024-11-21 17:00:00'),
(1744,13,7,'2024-11-21 18:00:00'),
(1745,13,8,'2024-11-21 18:00:00'),
(1746,13,7,'2024-11-21 19:00:00'),
(1747,13,8,'2024-11-21 19:00:00'),
(1748,13,7,'2024-11-21 20:00:00'),
(1749,13,8,'2024-11-21 20:00:00'),
(1750,13,7,'2024-11-21 21:00:00'),
(1751,13,8,'2024-11-21 21:00:00'),
(1752,13,7,'2024-11-21 22:00:00'),
(1753,13,8,'2024-11-21 22:00:00'),
(1754,13,7,'2024-11-21 23:00:00'),
(1755,13,8,'2024-11-21 23:00:00'),
(1756,13,7,'2024-11-22 00:00:00'),
(1757,13,8,'2024-11-22 00:00:00'),
(1758,13,7,'2024-11-22 01:00:00'),
(1759,13,8,'2024-11-22 01:00:00'),
(1760,13,7,'2024-11-22 02:00:00'),
(1761,13,8,'2024-11-22 02:00:00'),
(1762,13,7,'2024-11-22 03:00:00'),
(1763,13,8,'2024-11-22 03:00:00'),
(1764,13,7,'2024-11-22 04:00:00'),
(1765,13,8,'2024-11-22 04:00:00'),
(1766,13,7,'2024-11-22 05:00:00'),
(1767,13,8,'2024-11-22 05:00:00'),
(1768,13,7,'2024-11-22 06:00:00'),
(1769,13,8,'2024-11-22 06:00:00'),
(1770,13,7,'2024-11-22 07:00:00'),
(1771,13,8,'2024-11-22 07:00:00'),
(1772,13,7,'2024-11-22 08:00:00'),
(1773,13,8,'2024-11-22 08:00:00'),
(1774,13,7,'2024-11-22 09:00:00'),
(1775,13,8,'2024-11-22 09:00:00'),
(1776,13,7,'2024-11-22 10:00:00'),
(1777,13,8,'2024-11-22 10:00:00'),
(1778,13,7,'2024-11-22 11:00:00'),
(1779,13,8,'2024-11-22 11:00:00'),
(1780,13,7,'2024-11-22 12:00:00'),
(1781,13,8,'2024-11-22 12:00:00'),
(1782,14,3,'2024-11-29 14:00:00'),
(1783,14,5,'2024-11-29 14:00:00'),
(1784,14,3,'2024-11-29 15:00:00'),
(1785,14,5,'2024-11-29 15:00:00'),
(1786,14,3,'2024-11-29 16:00:00'),
(1787,14,5,'2024-11-29 16:00:00'),
(1788,14,3,'2024-11-29 17:00:00'),
(1789,14,5,'2024-11-29 17:00:00'),
(1790,14,3,'2024-11-29 18:00:00'),
(1791,14,5,'2024-11-29 18:00:00'),
(1792,14,3,'2024-11-29 19:00:00'),
(1793,14,5,'2024-11-29 19:00:00'),
(1794,14,3,'2024-11-29 20:00:00'),
(1795,14,5,'2024-11-29 20:00:00'),
(1796,14,3,'2024-11-29 21:00:00'),
(1797,14,5,'2024-11-29 21:00:00'),
(1798,14,3,'2024-11-29 22:00:00'),
(1799,14,5,'2024-11-29 22:00:00'),
(1800,14,3,'2024-11-29 23:00:00'),
(1801,14,5,'2024-11-29 23:00:00'),
(1802,14,3,'2024-11-30 00:00:00'),
(1803,14,5,'2024-11-30 00:00:00'),
(1804,14,3,'2024-11-30 01:00:00'),
(1805,14,5,'2024-11-30 01:00:00'),
(1806,14,3,'2024-11-30 02:00:00'),
(1807,14,5,'2024-11-30 02:00:00'),
(1808,14,3,'2024-11-30 03:00:00'),
(1809,14,5,'2024-11-30 03:00:00'),
(1810,14,3,'2024-11-30 04:00:00'),
(1811,14,5,'2024-11-30 04:00:00'),
(1812,14,3,'2024-11-30 05:00:00'),
(1813,14,5,'2024-11-30 05:00:00'),
(1814,14,3,'2024-11-30 06:00:00'),
(1815,14,5,'2024-11-30 06:00:00'),
(1816,14,3,'2024-11-30 07:00:00'),
(1817,14,5,'2024-11-30 07:00:00'),
(1818,14,3,'2024-11-30 08:00:00'),
(1819,14,5,'2024-11-30 08:00:00'),
(1820,14,3,'2024-11-30 09:00:00'),
(1821,14,5,'2024-11-30 09:00:00'),
(1822,14,3,'2024-11-30 10:00:00'),
(1823,14,5,'2024-11-30 10:00:00'),
(1824,14,3,'2024-11-30 11:00:00'),
(1825,14,5,'2024-11-30 11:00:00'),
(1826,14,3,'2024-11-30 12:00:00'),
(1827,14,5,'2024-11-30 12:00:00'),
(1828,14,3,'2024-11-30 13:00:00'),
(1829,14,5,'2024-11-30 13:00:00'),
(1830,14,3,'2024-11-30 14:00:00'),
(1831,14,5,'2024-11-30 14:00:00'),
(1832,14,3,'2024-11-30 15:00:00'),
(1833,14,5,'2024-11-30 15:00:00'),
(1834,14,3,'2024-11-30 16:00:00'),
(1835,14,5,'2024-11-30 16:00:00'),
(1836,14,3,'2024-11-30 17:00:00'),
(1837,14,5,'2024-11-30 17:00:00'),
(1838,14,3,'2024-11-30 18:00:00'),
(1839,14,5,'2024-11-30 18:00:00'),
(1840,14,3,'2024-11-30 19:00:00'),
(1841,14,5,'2024-11-30 19:00:00'),
(1842,14,3,'2024-11-30 20:00:00'),
(1843,14,5,'2024-11-30 20:00:00'),
(1844,14,3,'2024-11-30 21:00:00'),
(1845,14,5,'2024-11-30 21:00:00'),
(1846,14,3,'2024-11-30 22:00:00'),
(1847,14,5,'2024-11-30 22:00:00'),
(1848,14,3,'2024-11-30 23:00:00'),
(1849,14,5,'2024-11-30 23:00:00'),
(1850,14,3,'2024-12-01 00:00:00'),
(1851,14,5,'2024-12-01 00:00:00'),
(1852,14,3,'2024-12-01 01:00:00'),
(1853,14,5,'2024-12-01 01:00:00'),
(1854,14,3,'2024-12-01 02:00:00'),
(1855,14,5,'2024-12-01 02:00:00'),
(1856,14,3,'2024-12-01 03:00:00'),
(1857,14,5,'2024-12-01 03:00:00'),
(1858,14,3,'2024-12-01 04:00:00'),
(1859,14,5,'2024-12-01 04:00:00'),
(1860,14,3,'2024-12-01 05:00:00'),
(1861,14,5,'2024-12-01 05:00:00'),
(1862,14,3,'2024-12-01 06:00:00'),
(1863,14,5,'2024-12-01 06:00:00'),
(1864,14,3,'2024-12-01 07:00:00'),
(1865,14,5,'2024-12-01 07:00:00'),
(1866,14,3,'2024-12-01 08:00:00'),
(1867,14,5,'2024-12-01 08:00:00'),
(1868,14,3,'2024-12-01 09:00:00'),
(1869,14,5,'2024-12-01 09:00:00'),
(1870,14,3,'2024-12-01 10:00:00'),
(1871,14,5,'2024-12-01 10:00:00'),
(1872,14,3,'2024-12-01 11:00:00'),
(1873,14,5,'2024-12-01 11:00:00'),
(1874,14,3,'2024-12-01 12:00:00'),
(1875,14,5,'2024-12-01 12:00:00'),
(1876,15,7,'2024-11-29 14:00:00'),
(1877,15,7,'2024-11-29 15:00:00'),
(1878,15,7,'2024-11-29 16:00:00'),
(1879,15,7,'2024-11-29 17:00:00'),
(1880,15,7,'2024-11-29 18:00:00'),
(1881,15,7,'2024-11-29 19:00:00'),
(1882,15,7,'2024-11-29 20:00:00'),
(1883,15,7,'2024-11-29 21:00:00'),
(1884,15,7,'2024-11-29 22:00:00'),
(1885,15,7,'2024-11-29 23:00:00'),
(1886,15,7,'2024-11-30 00:00:00'),
(1887,15,7,'2024-11-30 01:00:00'),
(1888,15,7,'2024-11-30 02:00:00'),
(1889,15,7,'2024-11-30 03:00:00'),
(1890,15,7,'2024-11-30 04:00:00'),
(1891,15,7,'2024-11-30 05:00:00'),
(1892,15,7,'2024-11-30 06:00:00'),
(1893,15,7,'2024-11-30 07:00:00'),
(1894,15,7,'2024-11-30 08:00:00'),
(1895,15,7,'2024-11-30 09:00:00'),
(1896,15,7,'2024-11-30 10:00:00'),
(1897,15,7,'2024-11-30 11:00:00'),
(1898,15,7,'2024-11-30 12:00:00'),
(1899,15,7,'2024-11-30 13:00:00'),
(1900,15,7,'2024-11-30 14:00:00'),
(1901,15,7,'2024-11-30 15:00:00'),
(1902,15,7,'2024-11-30 16:00:00'),
(1903,15,7,'2024-11-30 17:00:00'),
(1904,15,7,'2024-11-30 18:00:00'),
(1905,15,7,'2024-11-30 19:00:00'),
(1906,15,7,'2024-11-30 20:00:00'),
(1907,15,7,'2024-11-30 21:00:00'),
(1908,15,7,'2024-11-30 22:00:00'),
(1909,15,7,'2024-11-30 23:00:00'),
(1910,15,7,'2024-12-01 00:00:00'),
(1911,15,7,'2024-12-01 01:00:00'),
(1912,15,7,'2024-12-01 02:00:00'),
(1913,15,7,'2024-12-01 03:00:00'),
(1914,15,7,'2024-12-01 04:00:00'),
(1915,15,7,'2024-12-01 05:00:00'),
(1916,15,7,'2024-12-01 06:00:00'),
(1917,15,7,'2024-12-01 07:00:00'),
(1918,15,7,'2024-12-01 08:00:00'),
(1919,15,7,'2024-12-01 09:00:00'),
(1920,15,7,'2024-12-01 10:00:00'),
(1921,15,7,'2024-12-01 11:00:00'),
(1922,15,7,'2024-12-01 12:00:00'),
(1923,15,7,'2024-12-01 13:00:00'),
(1924,15,7,'2024-12-01 14:00:00'),
(1925,15,7,'2024-12-01 15:00:00'),
(1926,15,7,'2024-12-01 16:00:00'),
(1927,15,7,'2024-12-01 17:00:00'),
(1928,15,7,'2024-12-01 18:00:00'),
(1929,15,7,'2024-12-01 19:00:00'),
(1930,15,7,'2024-12-01 20:00:00'),
(1931,15,7,'2024-12-01 21:00:00'),
(1932,15,7,'2024-12-01 22:00:00'),
(1933,15,7,'2024-12-01 23:00:00'),
(1934,15,7,'2024-12-02 00:00:00'),
(1935,15,7,'2024-12-02 01:00:00'),
(1936,15,7,'2024-12-02 02:00:00'),
(1937,15,7,'2024-12-02 03:00:00'),
(1938,15,7,'2024-12-02 04:00:00'),
(1939,15,7,'2024-12-02 05:00:00'),
(1940,15,7,'2024-12-02 06:00:00'),
(1941,15,7,'2024-12-02 07:00:00'),
(1942,15,7,'2024-12-02 08:00:00'),
(1943,15,7,'2024-12-02 09:00:00'),
(1944,15,7,'2024-12-02 10:00:00'),
(1945,15,7,'2024-12-02 11:00:00'),
(1946,15,7,'2024-12-02 12:00:00'),
(1994,17,3,'2024-11-23 14:00:00'),
(1995,17,3,'2024-11-23 15:00:00'),
(1996,17,3,'2024-11-23 16:00:00'),
(1997,17,3,'2024-11-23 17:00:00'),
(1998,17,3,'2024-11-23 18:00:00'),
(1999,17,3,'2024-11-23 19:00:00'),
(2000,17,3,'2024-11-23 20:00:00'),
(2001,17,3,'2024-11-23 21:00:00'),
(2002,17,3,'2024-11-23 22:00:00'),
(2003,17,3,'2024-11-23 23:00:00'),
(2004,17,3,'2024-11-24 00:00:00'),
(2005,17,3,'2024-11-24 01:00:00'),
(2006,17,3,'2024-11-24 02:00:00'),
(2007,17,3,'2024-11-24 03:00:00'),
(2008,17,3,'2024-11-24 04:00:00'),
(2009,17,3,'2024-11-24 05:00:00'),
(2010,17,3,'2024-11-24 06:00:00'),
(2011,17,3,'2024-11-24 07:00:00'),
(2012,17,3,'2024-11-24 08:00:00'),
(2013,17,3,'2024-11-24 09:00:00'),
(2014,17,3,'2024-11-24 10:00:00'),
(2015,17,3,'2024-11-24 11:00:00'),
(2016,17,3,'2024-11-24 12:00:00'),
(2017,17,3,'2024-11-24 13:00:00'),
(2018,17,3,'2024-11-24 14:00:00'),
(2019,17,3,'2024-11-24 15:00:00'),
(2020,17,3,'2024-11-24 16:00:00'),
(2021,17,3,'2024-11-24 17:00:00'),
(2022,17,3,'2024-11-24 18:00:00'),
(2023,17,3,'2024-11-24 19:00:00'),
(2024,17,3,'2024-11-24 20:00:00'),
(2025,17,3,'2024-11-24 21:00:00'),
(2026,17,3,'2024-11-24 22:00:00'),
(2027,17,3,'2024-11-24 23:00:00'),
(2028,17,3,'2024-11-25 00:00:00'),
(2029,17,3,'2024-11-25 01:00:00'),
(2030,17,3,'2024-11-25 02:00:00'),
(2031,17,3,'2024-11-25 03:00:00'),
(2032,17,3,'2024-11-25 04:00:00'),
(2033,17,3,'2024-11-25 05:00:00'),
(2034,17,3,'2024-11-25 06:00:00'),
(2035,17,3,'2024-11-25 07:00:00'),
(2036,17,3,'2024-11-25 08:00:00'),
(2037,17,3,'2024-11-25 09:00:00'),
(2038,17,3,'2024-11-25 10:00:00'),
(2039,17,3,'2024-11-25 11:00:00'),
(2040,17,3,'2024-11-25 12:00:00'),
(2041,18,6,'2024-11-25 14:00:00'),
(2042,18,6,'2024-11-25 15:00:00'),
(2043,18,6,'2024-11-25 16:00:00'),
(2044,18,6,'2024-11-25 17:00:00'),
(2045,18,6,'2024-11-25 18:00:00'),
(2046,18,6,'2024-11-25 19:00:00'),
(2047,18,6,'2024-11-25 20:00:00'),
(2048,18,6,'2024-11-25 21:00:00'),
(2049,18,6,'2024-11-25 22:00:00'),
(2050,18,6,'2024-11-25 23:00:00'),
(2051,18,6,'2024-11-26 00:00:00'),
(2052,18,6,'2024-11-26 01:00:00'),
(2053,18,6,'2024-11-26 02:00:00'),
(2054,18,6,'2024-11-26 03:00:00'),
(2055,18,6,'2024-11-26 04:00:00'),
(2056,18,6,'2024-11-26 05:00:00'),
(2057,18,6,'2024-11-26 06:00:00'),
(2058,18,6,'2024-11-26 07:00:00'),
(2059,18,6,'2024-11-26 08:00:00'),
(2060,18,6,'2024-11-26 09:00:00'),
(2061,18,6,'2024-11-26 10:00:00'),
(2062,18,6,'2024-11-26 11:00:00'),
(2063,18,6,'2024-11-26 12:00:00'),
(2064,18,6,'2024-11-26 13:00:00'),
(2065,18,6,'2024-11-26 14:00:00'),
(2066,18,6,'2024-11-26 15:00:00'),
(2067,18,6,'2024-11-26 16:00:00'),
(2068,18,6,'2024-11-26 17:00:00'),
(2069,18,6,'2024-11-26 18:00:00'),
(2070,18,6,'2024-11-26 19:00:00'),
(2071,18,6,'2024-11-26 20:00:00'),
(2072,18,6,'2024-11-26 21:00:00'),
(2073,18,6,'2024-11-26 22:00:00'),
(2074,18,6,'2024-11-26 23:00:00'),
(2075,18,6,'2024-11-27 00:00:00'),
(2076,18,6,'2024-11-27 01:00:00'),
(2077,18,6,'2024-11-27 02:00:00'),
(2078,18,6,'2024-11-27 03:00:00'),
(2079,18,6,'2024-11-27 04:00:00'),
(2080,18,6,'2024-11-27 05:00:00'),
(2081,18,6,'2024-11-27 06:00:00'),
(2082,18,6,'2024-11-27 07:00:00'),
(2083,18,6,'2024-11-27 08:00:00'),
(2084,18,6,'2024-11-27 09:00:00'),
(2085,18,6,'2024-11-27 10:00:00'),
(2086,18,6,'2024-11-27 11:00:00'),
(2087,18,6,'2024-11-27 12:00:00'),
(2135,20,8,'2024-11-26 14:00:00'),
(2136,20,8,'2024-11-26 15:00:00'),
(2137,20,8,'2024-11-26 16:00:00'),
(2138,20,8,'2024-11-26 17:00:00'),
(2139,20,8,'2024-11-26 18:00:00'),
(2140,20,8,'2024-11-26 19:00:00'),
(2141,20,8,'2024-11-26 20:00:00'),
(2142,20,8,'2024-11-26 21:00:00'),
(2143,20,8,'2024-11-26 22:00:00'),
(2144,20,8,'2024-11-26 23:00:00'),
(2145,20,8,'2024-11-27 00:00:00'),
(2146,20,8,'2024-11-27 01:00:00'),
(2147,20,8,'2024-11-27 02:00:00'),
(2148,20,8,'2024-11-27 03:00:00'),
(2149,20,8,'2024-11-27 04:00:00'),
(2150,20,8,'2024-11-27 05:00:00'),
(2151,20,8,'2024-11-27 06:00:00'),
(2152,20,8,'2024-11-27 07:00:00'),
(2153,20,8,'2024-11-27 08:00:00'),
(2154,20,8,'2024-11-27 09:00:00'),
(2155,20,8,'2024-11-27 10:00:00'),
(2156,20,8,'2024-11-27 11:00:00'),
(2157,20,8,'2024-11-27 12:00:00'),
(2158,21,3,'2024-11-21 14:00:00'),
(2159,21,5,'2024-11-21 14:00:00'),
(2160,21,3,'2024-11-21 15:00:00'),
(2161,21,5,'2024-11-21 15:00:00'),
(2162,21,3,'2024-11-21 16:00:00'),
(2163,21,5,'2024-11-21 16:00:00'),
(2164,21,3,'2024-11-21 17:00:00'),
(2165,21,5,'2024-11-21 17:00:00'),
(2166,21,3,'2024-11-21 18:00:00'),
(2167,21,5,'2024-11-21 18:00:00'),
(2168,21,3,'2024-11-21 19:00:00'),
(2169,21,5,'2024-11-21 19:00:00'),
(2170,21,3,'2024-11-21 20:00:00'),
(2171,21,5,'2024-11-21 20:00:00'),
(2172,21,3,'2024-11-21 21:00:00'),
(2173,21,5,'2024-11-21 21:00:00'),
(2174,21,3,'2024-11-21 22:00:00'),
(2175,21,5,'2024-11-21 22:00:00'),
(2176,21,3,'2024-11-21 23:00:00'),
(2177,21,5,'2024-11-21 23:00:00'),
(2178,21,3,'2024-11-22 00:00:00'),
(2179,21,5,'2024-11-22 00:00:00'),
(2180,21,3,'2024-11-22 01:00:00'),
(2181,21,5,'2024-11-22 01:00:00'),
(2182,21,3,'2024-11-22 02:00:00'),
(2183,21,5,'2024-11-22 02:00:00'),
(2184,21,3,'2024-11-22 03:00:00'),
(2185,21,5,'2024-11-22 03:00:00'),
(2186,21,3,'2024-11-22 04:00:00'),
(2187,21,5,'2024-11-22 04:00:00'),
(2188,21,3,'2024-11-22 05:00:00'),
(2189,21,5,'2024-11-22 05:00:00'),
(2190,21,3,'2024-11-22 06:00:00'),
(2191,21,5,'2024-11-22 06:00:00'),
(2192,21,3,'2024-11-22 07:00:00'),
(2193,21,5,'2024-11-22 07:00:00'),
(2194,21,3,'2024-11-22 08:00:00'),
(2195,21,5,'2024-11-22 08:00:00'),
(2196,21,3,'2024-11-22 09:00:00'),
(2197,21,5,'2024-11-22 09:00:00'),
(2198,21,3,'2024-11-22 10:00:00'),
(2199,21,5,'2024-11-22 10:00:00'),
(2200,21,3,'2024-11-22 11:00:00'),
(2201,21,5,'2024-11-22 11:00:00'),
(2202,21,3,'2024-11-22 12:00:00'),
(2203,21,5,'2024-11-22 12:00:00'),
(2204,21,3,'2024-11-22 13:00:00'),
(2205,21,5,'2024-11-22 13:00:00'),
(2206,21,3,'2024-11-22 14:00:00'),
(2207,21,5,'2024-11-22 14:00:00'),
(2208,21,3,'2024-11-22 15:00:00'),
(2209,21,5,'2024-11-22 15:00:00'),
(2210,21,3,'2024-11-22 16:00:00'),
(2211,21,5,'2024-11-22 16:00:00'),
(2212,21,3,'2024-11-22 17:00:00'),
(2213,21,5,'2024-11-22 17:00:00'),
(2214,21,3,'2024-11-22 18:00:00'),
(2215,21,5,'2024-11-22 18:00:00'),
(2216,21,3,'2024-11-22 19:00:00'),
(2217,21,5,'2024-11-22 19:00:00'),
(2218,21,3,'2024-11-22 20:00:00'),
(2219,21,5,'2024-11-22 20:00:00'),
(2220,21,3,'2024-11-22 21:00:00'),
(2221,21,5,'2024-11-22 21:00:00'),
(2222,21,3,'2024-11-22 22:00:00'),
(2223,21,5,'2024-11-22 22:00:00'),
(2224,21,3,'2024-11-22 23:00:00'),
(2225,21,5,'2024-11-22 23:00:00'),
(2226,21,3,'2024-11-23 00:00:00'),
(2227,21,5,'2024-11-23 00:00:00'),
(2228,21,3,'2024-11-23 01:00:00'),
(2229,21,5,'2024-11-23 01:00:00'),
(2230,21,3,'2024-11-23 02:00:00'),
(2231,21,5,'2024-11-23 02:00:00'),
(2232,21,3,'2024-11-23 03:00:00'),
(2233,21,5,'2024-11-23 03:00:00'),
(2234,21,3,'2024-11-23 04:00:00'),
(2235,21,5,'2024-11-23 04:00:00'),
(2236,21,3,'2024-11-23 05:00:00'),
(2237,21,5,'2024-11-23 05:00:00'),
(2238,21,3,'2024-11-23 06:00:00'),
(2239,21,5,'2024-11-23 06:00:00'),
(2240,21,3,'2024-11-23 07:00:00'),
(2241,21,5,'2024-11-23 07:00:00'),
(2242,21,3,'2024-11-23 08:00:00'),
(2243,21,5,'2024-11-23 08:00:00'),
(2244,21,3,'2024-11-23 09:00:00'),
(2245,21,5,'2024-11-23 09:00:00'),
(2246,21,3,'2024-11-23 10:00:00'),
(2247,21,5,'2024-11-23 10:00:00'),
(2248,21,3,'2024-11-23 11:00:00'),
(2249,21,5,'2024-11-23 11:00:00'),
(2250,21,3,'2024-11-23 12:00:00'),
(2251,21,5,'2024-11-23 12:00:00'),
(2252,22,7,'2024-11-19 14:00:00'),
(2253,22,7,'2024-11-19 15:00:00'),
(2254,22,7,'2024-11-19 16:00:00'),
(2255,22,7,'2024-11-19 17:00:00'),
(2256,22,7,'2024-11-19 18:00:00'),
(2257,22,7,'2024-11-19 19:00:00'),
(2258,22,7,'2024-11-19 20:00:00'),
(2259,22,7,'2024-11-19 21:00:00'),
(2260,22,7,'2024-11-19 22:00:00'),
(2261,22,7,'2024-11-19 23:00:00'),
(2262,22,7,'2024-11-20 00:00:00'),
(2263,22,7,'2024-11-20 01:00:00'),
(2264,22,7,'2024-11-20 02:00:00'),
(2265,22,7,'2024-11-20 03:00:00'),
(2266,22,7,'2024-11-20 04:00:00'),
(2267,22,7,'2024-11-20 05:00:00'),
(2268,22,7,'2024-11-20 06:00:00'),
(2269,22,7,'2024-11-20 07:00:00'),
(2270,22,7,'2024-11-20 08:00:00'),
(2271,22,7,'2024-11-20 09:00:00'),
(2272,22,7,'2024-11-20 10:00:00'),
(2273,22,7,'2024-11-20 11:00:00'),
(2274,22,7,'2024-11-20 12:00:00'),
(2275,23,8,'2024-11-19 14:00:00'),
(2276,23,8,'2024-11-19 15:00:00'),
(2277,23,8,'2024-11-19 16:00:00'),
(2278,23,8,'2024-11-19 17:00:00'),
(2279,23,8,'2024-11-19 18:00:00'),
(2280,23,8,'2024-11-19 19:00:00'),
(2281,23,8,'2024-11-19 20:00:00'),
(2282,23,8,'2024-11-19 21:00:00'),
(2283,23,8,'2024-11-19 22:00:00'),
(2284,23,8,'2024-11-19 23:00:00'),
(2285,23,8,'2024-11-20 00:00:00'),
(2286,23,8,'2024-11-20 01:00:00'),
(2287,23,8,'2024-11-20 02:00:00'),
(2288,23,8,'2024-11-20 03:00:00'),
(2289,23,8,'2024-11-20 04:00:00'),
(2290,23,8,'2024-11-20 05:00:00'),
(2291,23,8,'2024-11-20 06:00:00'),
(2292,23,8,'2024-11-20 07:00:00'),
(2293,23,8,'2024-11-20 08:00:00'),
(2294,23,8,'2024-11-20 09:00:00'),
(2295,23,8,'2024-11-20 10:00:00'),
(2296,23,8,'2024-11-20 11:00:00'),
(2297,23,8,'2024-11-20 12:00:00'),
(2439,24,7,'2024-12-15 14:00:00'),
(2440,24,7,'2024-12-15 15:00:00'),
(2441,24,7,'2024-12-15 16:00:00'),
(2442,24,7,'2024-12-15 17:00:00'),
(2443,24,7,'2024-12-15 18:00:00'),
(2444,24,7,'2024-12-15 19:00:00'),
(2445,24,7,'2024-12-15 20:00:00'),
(2446,24,7,'2024-12-15 21:00:00'),
(2447,24,7,'2024-12-15 22:00:00'),
(2448,24,7,'2024-12-15 23:00:00'),
(2449,24,7,'2024-12-16 00:00:00'),
(2450,24,7,'2024-12-16 01:00:00'),
(2451,24,7,'2024-12-16 02:00:00'),
(2452,24,7,'2024-12-16 03:00:00'),
(2453,24,7,'2024-12-16 04:00:00'),
(2454,24,7,'2024-12-16 05:00:00'),
(2455,24,7,'2024-12-16 06:00:00'),
(2456,24,7,'2024-12-16 07:00:00'),
(2457,24,7,'2024-12-16 08:00:00'),
(2458,24,7,'2024-12-16 09:00:00'),
(2459,24,7,'2024-12-16 10:00:00'),
(2460,24,7,'2024-12-16 11:00:00'),
(2461,24,7,'2024-12-16 12:00:00'),
(2462,24,7,'2024-12-16 13:00:00'),
(2463,24,7,'2024-12-16 14:00:00'),
(2464,24,7,'2024-12-16 15:00:00'),
(2465,24,7,'2024-12-16 16:00:00'),
(2466,24,7,'2024-12-16 17:00:00'),
(2467,24,7,'2024-12-16 18:00:00'),
(2468,24,7,'2024-12-16 19:00:00'),
(2469,24,7,'2024-12-16 20:00:00'),
(2470,24,7,'2024-12-16 21:00:00'),
(2471,24,7,'2024-12-16 22:00:00'),
(2472,24,7,'2024-12-16 23:00:00'),
(2473,24,7,'2024-12-17 00:00:00'),
(2474,24,7,'2024-12-17 01:00:00'),
(2475,24,7,'2024-12-17 02:00:00'),
(2476,24,7,'2024-12-17 03:00:00'),
(2477,24,7,'2024-12-17 04:00:00'),
(2478,24,7,'2024-12-17 05:00:00'),
(2479,24,7,'2024-12-17 06:00:00'),
(2480,24,7,'2024-12-17 07:00:00'),
(2481,24,7,'2024-12-17 08:00:00'),
(2482,24,7,'2024-12-17 09:00:00'),
(2483,24,7,'2024-12-17 10:00:00'),
(2484,24,7,'2024-12-17 11:00:00'),
(2485,24,7,'2024-12-17 12:00:00'),
(2486,25,6,'2024-11-22 14:00:00'),
(2487,25,6,'2024-11-22 15:00:00'),
(2488,25,6,'2024-11-22 16:00:00'),
(2489,25,6,'2024-11-22 17:00:00'),
(2490,25,6,'2024-11-22 18:00:00'),
(2491,25,6,'2024-11-22 19:00:00'),
(2492,25,6,'2024-11-22 20:00:00'),
(2493,25,6,'2024-11-22 21:00:00'),
(2494,25,6,'2024-11-22 22:00:00'),
(2495,25,6,'2024-11-22 23:00:00'),
(2496,25,6,'2024-11-23 00:00:00'),
(2497,25,6,'2024-11-23 01:00:00'),
(2498,25,6,'2024-11-23 02:00:00'),
(2499,25,6,'2024-11-23 03:00:00'),
(2500,25,6,'2024-11-23 04:00:00'),
(2501,25,6,'2024-11-23 05:00:00'),
(2502,25,6,'2024-11-23 06:00:00'),
(2503,25,6,'2024-11-23 07:00:00'),
(2504,25,6,'2024-11-23 08:00:00'),
(2505,25,6,'2024-11-23 09:00:00'),
(2506,25,6,'2024-11-23 10:00:00'),
(2507,25,6,'2024-11-23 11:00:00'),
(2508,25,6,'2024-11-23 12:00:00'),
(2509,25,6,'2024-11-23 13:00:00'),
(2510,25,6,'2024-11-23 14:00:00'),
(2511,25,6,'2024-11-23 15:00:00'),
(2512,25,6,'2024-11-23 16:00:00'),
(2513,25,6,'2024-11-23 17:00:00'),
(2514,25,6,'2024-11-23 18:00:00'),
(2515,25,6,'2024-11-23 19:00:00'),
(2516,25,6,'2024-11-23 20:00:00'),
(2517,25,6,'2024-11-23 21:00:00'),
(2518,25,6,'2024-11-23 22:00:00'),
(2519,25,6,'2024-11-23 23:00:00'),
(2520,25,6,'2024-11-24 00:00:00'),
(2521,25,6,'2024-11-24 01:00:00'),
(2522,25,6,'2024-11-24 02:00:00'),
(2523,25,6,'2024-11-24 03:00:00'),
(2524,25,6,'2024-11-24 04:00:00'),
(2525,25,6,'2024-11-24 05:00:00'),
(2526,25,6,'2024-11-24 06:00:00'),
(2527,25,6,'2024-11-24 07:00:00'),
(2528,25,6,'2024-11-24 08:00:00'),
(2529,25,6,'2024-11-24 09:00:00'),
(2530,25,6,'2024-11-24 10:00:00'),
(2531,25,6,'2024-11-24 11:00:00'),
(2532,25,6,'2024-11-24 12:00:00'),
(2533,25,6,'2024-11-24 13:00:00'),
(2534,25,6,'2024-11-24 14:00:00'),
(2535,25,6,'2024-11-24 15:00:00'),
(2536,25,6,'2024-11-24 16:00:00'),
(2537,25,6,'2024-11-24 17:00:00'),
(2538,25,6,'2024-11-24 18:00:00'),
(2539,25,6,'2024-11-24 19:00:00'),
(2540,25,6,'2024-11-24 20:00:00'),
(2541,25,6,'2024-11-24 21:00:00'),
(2542,25,6,'2024-11-24 22:00:00'),
(2543,25,6,'2024-11-24 23:00:00'),
(2544,25,6,'2024-11-25 00:00:00'),
(2545,25,6,'2024-11-25 01:00:00'),
(2546,25,6,'2024-11-25 02:00:00'),
(2547,25,6,'2024-11-25 03:00:00'),
(2548,25,6,'2024-11-25 04:00:00'),
(2549,25,6,'2024-11-25 05:00:00'),
(2550,25,6,'2024-11-25 06:00:00'),
(2551,25,6,'2024-11-25 07:00:00'),
(2552,25,6,'2024-11-25 08:00:00'),
(2553,25,6,'2024-11-25 09:00:00'),
(2554,25,6,'2024-11-25 10:00:00'),
(2555,25,6,'2024-11-25 11:00:00'),
(2556,25,6,'2024-11-25 12:00:00'),
(2651,27,5,'2024-11-23 14:00:00'),
(2652,27,5,'2024-11-23 15:00:00'),
(2653,27,5,'2024-11-23 16:00:00'),
(2654,27,5,'2024-11-23 17:00:00'),
(2655,27,5,'2024-11-23 18:00:00'),
(2656,27,5,'2024-11-23 19:00:00'),
(2657,27,5,'2024-11-23 20:00:00'),
(2658,27,5,'2024-11-23 21:00:00'),
(2659,27,5,'2024-11-23 22:00:00'),
(2660,27,5,'2024-11-23 23:00:00'),
(2661,27,5,'2024-11-24 00:00:00'),
(2662,27,5,'2024-11-24 01:00:00'),
(2663,27,5,'2024-11-24 02:00:00'),
(2664,27,5,'2024-11-24 03:00:00'),
(2665,27,5,'2024-11-24 04:00:00'),
(2666,27,5,'2024-11-24 05:00:00'),
(2667,27,5,'2024-11-24 06:00:00'),
(2668,27,5,'2024-11-24 07:00:00'),
(2669,27,5,'2024-11-24 08:00:00'),
(2670,27,5,'2024-11-24 09:00:00'),
(2671,27,5,'2024-11-24 10:00:00'),
(2672,27,5,'2024-11-24 11:00:00'),
(2673,27,5,'2024-11-24 12:00:00'),
(2674,27,5,'2024-11-24 13:00:00'),
(2675,27,5,'2024-11-24 14:00:00'),
(2676,27,5,'2024-11-24 15:00:00'),
(2677,27,5,'2024-11-24 16:00:00'),
(2678,27,5,'2024-11-24 17:00:00'),
(2679,27,5,'2024-11-24 18:00:00'),
(2680,27,5,'2024-11-24 19:00:00'),
(2681,27,5,'2024-11-24 20:00:00'),
(2682,27,5,'2024-11-24 21:00:00'),
(2683,27,5,'2024-11-24 22:00:00'),
(2684,27,5,'2024-11-24 23:00:00'),
(2685,27,5,'2024-11-25 00:00:00'),
(2686,27,5,'2024-11-25 01:00:00'),
(2687,27,5,'2024-11-25 02:00:00'),
(2688,27,5,'2024-11-25 03:00:00'),
(2689,27,5,'2024-11-25 04:00:00'),
(2690,27,5,'2024-11-25 05:00:00'),
(2691,27,5,'2024-11-25 06:00:00'),
(2692,27,5,'2024-11-25 07:00:00'),
(2693,27,5,'2024-11-25 08:00:00'),
(2694,27,5,'2024-11-25 09:00:00'),
(2695,27,5,'2024-11-25 10:00:00'),
(2696,27,5,'2024-11-25 11:00:00'),
(2697,27,5,'2024-11-25 12:00:00'),
(2698,28,7,'2024-11-22 14:00:00'),
(2699,28,7,'2024-11-22 15:00:00'),
(2700,28,7,'2024-11-22 16:00:00'),
(2701,28,7,'2024-11-22 17:00:00'),
(2702,28,7,'2024-11-22 18:00:00'),
(2703,28,7,'2024-11-22 19:00:00'),
(2704,28,7,'2024-11-22 20:00:00'),
(2705,28,7,'2024-11-22 21:00:00'),
(2706,28,7,'2024-11-22 22:00:00'),
(2707,28,7,'2024-11-22 23:00:00'),
(2708,28,7,'2024-11-23 00:00:00'),
(2709,28,7,'2024-11-23 01:00:00'),
(2710,28,7,'2024-11-23 02:00:00'),
(2711,28,7,'2024-11-23 03:00:00'),
(2712,28,7,'2024-11-23 04:00:00'),
(2713,28,7,'2024-11-23 05:00:00'),
(2714,28,7,'2024-11-23 06:00:00'),
(2715,28,7,'2024-11-23 07:00:00'),
(2716,28,7,'2024-11-23 08:00:00'),
(2717,28,7,'2024-11-23 09:00:00'),
(2718,28,7,'2024-11-23 10:00:00'),
(2719,28,7,'2024-11-23 11:00:00'),
(2720,28,7,'2024-11-23 12:00:00'),
(2721,28,7,'2024-11-23 13:00:00'),
(2722,28,7,'2024-11-23 14:00:00'),
(2723,28,7,'2024-11-23 15:00:00'),
(2724,28,7,'2024-11-23 16:00:00'),
(2725,28,7,'2024-11-23 17:00:00'),
(2726,28,7,'2024-11-23 18:00:00'),
(2727,28,7,'2024-11-23 19:00:00'),
(2728,28,7,'2024-11-23 20:00:00'),
(2729,28,7,'2024-11-23 21:00:00'),
(2730,28,7,'2024-11-23 22:00:00'),
(2731,28,7,'2024-11-23 23:00:00'),
(2732,28,7,'2024-11-24 00:00:00'),
(2733,28,7,'2024-11-24 01:00:00'),
(2734,28,7,'2024-11-24 02:00:00'),
(2735,28,7,'2024-11-24 03:00:00'),
(2736,28,7,'2024-11-24 04:00:00'),
(2737,28,7,'2024-11-24 05:00:00'),
(2738,28,7,'2024-11-24 06:00:00'),
(2739,28,7,'2024-11-24 07:00:00'),
(2740,28,7,'2024-11-24 08:00:00'),
(2741,28,7,'2024-11-24 09:00:00'),
(2742,28,7,'2024-11-24 10:00:00'),
(2743,28,7,'2024-11-24 11:00:00'),
(2744,28,7,'2024-11-24 12:00:00'),
(2745,28,7,'2024-11-24 13:00:00'),
(2746,28,7,'2024-11-24 14:00:00'),
(2747,28,7,'2024-11-24 15:00:00'),
(2748,28,7,'2024-11-24 16:00:00'),
(2749,28,7,'2024-11-24 17:00:00'),
(2750,28,7,'2024-11-24 18:00:00'),
(2751,28,7,'2024-11-24 19:00:00'),
(2752,28,7,'2024-11-24 20:00:00'),
(2753,28,7,'2024-11-24 21:00:00'),
(2754,28,7,'2024-11-24 22:00:00'),
(2755,28,7,'2024-11-24 23:00:00'),
(2756,28,7,'2024-11-25 00:00:00'),
(2757,28,7,'2024-11-25 01:00:00'),
(2758,28,7,'2024-11-25 02:00:00'),
(2759,28,7,'2024-11-25 03:00:00'),
(2760,28,7,'2024-11-25 04:00:00'),
(2761,28,7,'2024-11-25 05:00:00'),
(2762,28,7,'2024-11-25 06:00:00'),
(2763,28,7,'2024-11-25 07:00:00'),
(2764,28,7,'2024-11-25 08:00:00'),
(2765,28,7,'2024-11-25 09:00:00'),
(2766,28,7,'2024-11-25 10:00:00'),
(2767,28,7,'2024-11-25 11:00:00'),
(2768,28,7,'2024-11-25 12:00:00'),
(2769,28,7,'2024-11-25 13:00:00'),
(2770,28,7,'2024-11-25 14:00:00'),
(2771,28,7,'2024-11-25 15:00:00'),
(2772,28,7,'2024-11-25 16:00:00'),
(2773,28,7,'2024-11-25 17:00:00'),
(2774,28,7,'2024-11-25 18:00:00'),
(2775,28,7,'2024-11-25 19:00:00'),
(2776,28,7,'2024-11-25 20:00:00'),
(2777,28,7,'2024-11-25 21:00:00'),
(2778,28,7,'2024-11-25 22:00:00'),
(2779,28,7,'2024-11-25 23:00:00'),
(2780,28,7,'2024-11-26 00:00:00'),
(2781,28,7,'2024-11-26 01:00:00'),
(2782,28,7,'2024-11-26 02:00:00'),
(2783,28,7,'2024-11-26 03:00:00'),
(2784,28,7,'2024-11-26 04:00:00'),
(2785,28,7,'2024-11-26 05:00:00'),
(2786,28,7,'2024-11-26 06:00:00'),
(2787,28,7,'2024-11-26 07:00:00'),
(2788,28,7,'2024-11-26 08:00:00'),
(2789,28,7,'2024-11-26 09:00:00'),
(2790,28,7,'2024-11-26 10:00:00'),
(2791,28,7,'2024-11-26 11:00:00'),
(2792,28,7,'2024-11-26 12:00:00'),
(2793,26,10,'2024-11-19 14:00:00'),
(2794,26,11,'2024-11-19 14:00:00'),
(2795,26,10,'2024-11-19 15:00:00'),
(2796,26,11,'2024-11-19 15:00:00'),
(2797,26,10,'2024-11-19 16:00:00'),
(2798,26,11,'2024-11-19 16:00:00'),
(2799,26,10,'2024-11-19 17:00:00'),
(2800,26,11,'2024-11-19 17:00:00'),
(2801,26,10,'2024-11-19 18:00:00'),
(2802,26,11,'2024-11-19 18:00:00'),
(2803,26,10,'2024-11-19 19:00:00'),
(2804,26,11,'2024-11-19 19:00:00'),
(2805,26,10,'2024-11-19 20:00:00'),
(2806,26,11,'2024-11-19 20:00:00'),
(2807,26,10,'2024-11-19 21:00:00'),
(2808,26,11,'2024-11-19 21:00:00'),
(2809,26,10,'2024-11-19 22:00:00'),
(2810,26,11,'2024-11-19 22:00:00'),
(2811,26,10,'2024-11-19 23:00:00'),
(2812,26,11,'2024-11-19 23:00:00'),
(2813,26,10,'2024-11-20 00:00:00'),
(2814,26,11,'2024-11-20 00:00:00'),
(2815,26,10,'2024-11-20 01:00:00'),
(2816,26,11,'2024-11-20 01:00:00'),
(2817,26,10,'2024-11-20 02:00:00'),
(2818,26,11,'2024-11-20 02:00:00'),
(2819,26,10,'2024-11-20 03:00:00'),
(2820,26,11,'2024-11-20 03:00:00'),
(2821,26,10,'2024-11-20 04:00:00'),
(2822,26,11,'2024-11-20 04:00:00'),
(2823,26,10,'2024-11-20 05:00:00'),
(2824,26,11,'2024-11-20 05:00:00'),
(2825,26,10,'2024-11-20 06:00:00'),
(2826,26,11,'2024-11-20 06:00:00'),
(2827,26,10,'2024-11-20 07:00:00'),
(2828,26,11,'2024-11-20 07:00:00'),
(2829,26,10,'2024-11-20 08:00:00'),
(2830,26,11,'2024-11-20 08:00:00'),
(2831,26,10,'2024-11-20 09:00:00'),
(2832,26,11,'2024-11-20 09:00:00'),
(2833,26,10,'2024-11-20 10:00:00'),
(2834,26,11,'2024-11-20 10:00:00'),
(2835,26,10,'2024-11-20 11:00:00'),
(2836,26,11,'2024-11-20 11:00:00'),
(2837,26,10,'2024-11-20 12:00:00'),
(2838,26,11,'2024-11-20 12:00:00'),
(2839,26,10,'2024-11-20 13:00:00'),
(2840,26,11,'2024-11-20 13:00:00'),
(2841,26,10,'2024-11-20 14:00:00'),
(2842,26,11,'2024-11-20 14:00:00'),
(2843,26,10,'2024-11-20 15:00:00'),
(2844,26,11,'2024-11-20 15:00:00'),
(2845,26,10,'2024-11-20 16:00:00'),
(2846,26,11,'2024-11-20 16:00:00'),
(2847,26,10,'2024-11-20 17:00:00'),
(2848,26,11,'2024-11-20 17:00:00'),
(2849,26,10,'2024-11-20 18:00:00'),
(2850,26,11,'2024-11-20 18:00:00'),
(2851,26,10,'2024-11-20 19:00:00'),
(2852,26,11,'2024-11-20 19:00:00'),
(2853,26,10,'2024-11-20 20:00:00'),
(2854,26,11,'2024-11-20 20:00:00'),
(2855,26,10,'2024-11-20 21:00:00'),
(2856,26,11,'2024-11-20 21:00:00'),
(2857,26,10,'2024-11-20 22:00:00'),
(2858,26,11,'2024-11-20 22:00:00'),
(2859,26,10,'2024-11-20 23:00:00'),
(2860,26,11,'2024-11-20 23:00:00'),
(2861,26,10,'2024-11-21 00:00:00'),
(2862,26,11,'2024-11-21 00:00:00'),
(2863,26,10,'2024-11-21 01:00:00'),
(2864,26,11,'2024-11-21 01:00:00'),
(2865,26,10,'2024-11-21 02:00:00'),
(2866,26,11,'2024-11-21 02:00:00'),
(2867,26,10,'2024-11-21 03:00:00'),
(2868,26,11,'2024-11-21 03:00:00'),
(2869,26,10,'2024-11-21 04:00:00'),
(2870,26,11,'2024-11-21 04:00:00'),
(2871,26,10,'2024-11-21 05:00:00'),
(2872,26,11,'2024-11-21 05:00:00'),
(2873,26,10,'2024-11-21 06:00:00'),
(2874,26,11,'2024-11-21 06:00:00'),
(2875,26,10,'2024-11-21 07:00:00'),
(2876,26,11,'2024-11-21 07:00:00'),
(2877,26,10,'2024-11-21 08:00:00'),
(2878,26,11,'2024-11-21 08:00:00'),
(2879,26,10,'2024-11-21 09:00:00'),
(2880,26,11,'2024-11-21 09:00:00'),
(2881,26,10,'2024-11-21 10:00:00'),
(2882,26,11,'2024-11-21 10:00:00'),
(2883,26,10,'2024-11-21 11:00:00'),
(2884,26,11,'2024-11-21 11:00:00'),
(2885,26,10,'2024-11-21 12:00:00'),
(2886,26,11,'2024-11-21 12:00:00'),
(2887,29,4,'2024-11-24 14:00:00'),
(2888,29,4,'2024-11-24 15:00:00'),
(2889,29,4,'2024-11-24 16:00:00'),
(2890,29,4,'2024-11-24 17:00:00'),
(2891,29,4,'2024-11-24 18:00:00'),
(2892,29,4,'2024-11-24 19:00:00'),
(2893,29,4,'2024-11-24 20:00:00'),
(2894,29,4,'2024-11-24 21:00:00'),
(2895,29,4,'2024-11-24 22:00:00'),
(2896,29,4,'2024-11-24 23:00:00'),
(2897,29,4,'2024-11-25 00:00:00'),
(2898,29,4,'2024-11-25 01:00:00'),
(2899,29,4,'2024-11-25 02:00:00'),
(2900,29,4,'2024-11-25 03:00:00'),
(2901,29,4,'2024-11-25 04:00:00'),
(2902,29,4,'2024-11-25 05:00:00'),
(2903,29,4,'2024-11-25 06:00:00'),
(2904,29,4,'2024-11-25 07:00:00'),
(2905,29,4,'2024-11-25 08:00:00'),
(2906,29,4,'2024-11-25 09:00:00'),
(2907,29,4,'2024-11-25 10:00:00'),
(2908,29,4,'2024-11-25 11:00:00'),
(2909,29,4,'2024-11-25 12:00:00'),
(2910,29,4,'2024-11-25 13:00:00'),
(2911,29,4,'2024-11-25 14:00:00'),
(2912,29,4,'2024-11-25 15:00:00'),
(2913,29,4,'2024-11-25 16:00:00'),
(2914,29,4,'2024-11-25 17:00:00'),
(2915,29,4,'2024-11-25 18:00:00'),
(2916,29,4,'2024-11-25 19:00:00'),
(2917,29,4,'2024-11-25 20:00:00'),
(2918,29,4,'2024-11-25 21:00:00'),
(2919,29,4,'2024-11-25 22:00:00'),
(2920,29,4,'2024-11-25 23:00:00'),
(2921,29,4,'2024-11-26 00:00:00'),
(2922,29,4,'2024-11-26 01:00:00'),
(2923,29,4,'2024-11-26 02:00:00'),
(2924,29,4,'2024-11-26 03:00:00'),
(2925,29,4,'2024-11-26 04:00:00'),
(2926,29,4,'2024-11-26 05:00:00'),
(2927,29,4,'2024-11-26 06:00:00'),
(2928,29,4,'2024-11-26 07:00:00'),
(2929,29,4,'2024-11-26 08:00:00'),
(2930,29,4,'2024-11-26 09:00:00'),
(2931,29,4,'2024-11-26 10:00:00'),
(2932,29,4,'2024-11-26 11:00:00'),
(2933,29,4,'2024-11-26 12:00:00'),
(2934,30,10,'2024-11-23 14:00:00'),
(2935,30,10,'2024-11-23 15:00:00'),
(2936,30,10,'2024-11-23 16:00:00'),
(2937,30,10,'2024-11-23 17:00:00'),
(2938,30,10,'2024-11-23 18:00:00'),
(2939,30,10,'2024-11-23 19:00:00'),
(2940,30,10,'2024-11-23 20:00:00'),
(2941,30,10,'2024-11-23 21:00:00'),
(2942,30,10,'2024-11-23 22:00:00'),
(2943,30,10,'2024-11-23 23:00:00'),
(2944,30,10,'2024-11-24 00:00:00'),
(2945,30,10,'2024-11-24 01:00:00'),
(2946,30,10,'2024-11-24 02:00:00'),
(2947,30,10,'2024-11-24 03:00:00'),
(2948,30,10,'2024-11-24 04:00:00'),
(2949,30,10,'2024-11-24 05:00:00'),
(2950,30,10,'2024-11-24 06:00:00'),
(2951,30,10,'2024-11-24 07:00:00'),
(2952,30,10,'2024-11-24 08:00:00'),
(2953,30,10,'2024-11-24 09:00:00'),
(2954,30,10,'2024-11-24 10:00:00'),
(2955,30,10,'2024-11-24 11:00:00'),
(2956,30,10,'2024-11-24 12:00:00'),
(2957,31,11,'2024-11-22 14:00:00'),
(2958,31,11,'2024-11-22 15:00:00'),
(2959,31,11,'2024-11-22 16:00:00'),
(2960,31,11,'2024-11-22 17:00:00'),
(2961,31,11,'2024-11-22 18:00:00'),
(2962,31,11,'2024-11-22 19:00:00'),
(2963,31,11,'2024-11-22 20:00:00'),
(2964,31,11,'2024-11-22 21:00:00'),
(2965,31,11,'2024-11-22 22:00:00'),
(2966,31,11,'2024-11-22 23:00:00'),
(2967,31,11,'2024-11-23 00:00:00'),
(2968,31,11,'2024-11-23 01:00:00'),
(2969,31,11,'2024-11-23 02:00:00'),
(2970,31,11,'2024-11-23 03:00:00'),
(2971,31,11,'2024-11-23 04:00:00'),
(2972,31,11,'2024-11-23 05:00:00'),
(2973,31,11,'2024-11-23 06:00:00'),
(2974,31,11,'2024-11-23 07:00:00'),
(2975,31,11,'2024-11-23 08:00:00'),
(2976,31,11,'2024-11-23 09:00:00'),
(2977,31,11,'2024-11-23 10:00:00'),
(2978,31,11,'2024-11-23 11:00:00'),
(2979,31,11,'2024-11-23 12:00:00'),
(2980,31,11,'2024-11-23 13:00:00'),
(2981,31,11,'2024-11-23 14:00:00'),
(2982,31,11,'2024-11-23 15:00:00'),
(2983,31,11,'2024-11-23 16:00:00'),
(2984,31,11,'2024-11-23 17:00:00'),
(2985,31,11,'2024-11-23 18:00:00'),
(2986,31,11,'2024-11-23 19:00:00'),
(2987,31,11,'2024-11-23 20:00:00'),
(2988,31,11,'2024-11-23 21:00:00'),
(2989,31,11,'2024-11-23 22:00:00'),
(2990,31,11,'2024-11-23 23:00:00'),
(2991,31,11,'2024-11-24 00:00:00'),
(2992,31,11,'2024-11-24 01:00:00'),
(2993,31,11,'2024-11-24 02:00:00'),
(2994,31,11,'2024-11-24 03:00:00'),
(2995,31,11,'2024-11-24 04:00:00'),
(2996,31,11,'2024-11-24 05:00:00'),
(2997,31,11,'2024-11-24 06:00:00'),
(2998,31,11,'2024-11-24 07:00:00'),
(2999,31,11,'2024-11-24 08:00:00'),
(3000,31,11,'2024-11-24 09:00:00'),
(3001,31,11,'2024-11-24 10:00:00'),
(3002,31,11,'2024-11-24 11:00:00'),
(3003,31,11,'2024-11-24 12:00:00'),
(3004,31,11,'2024-11-24 13:00:00'),
(3005,31,11,'2024-11-24 14:00:00'),
(3006,31,11,'2024-11-24 15:00:00'),
(3007,31,11,'2024-11-24 16:00:00'),
(3008,31,11,'2024-11-24 17:00:00'),
(3009,31,11,'2024-11-24 18:00:00'),
(3010,31,11,'2024-11-24 19:00:00'),
(3011,31,11,'2024-11-24 20:00:00'),
(3012,31,11,'2024-11-24 21:00:00'),
(3013,31,11,'2024-11-24 22:00:00'),
(3014,31,11,'2024-11-24 23:00:00'),
(3015,31,11,'2024-11-25 00:00:00'),
(3016,31,11,'2024-11-25 01:00:00'),
(3017,31,11,'2024-11-25 02:00:00'),
(3018,31,11,'2024-11-25 03:00:00'),
(3019,31,11,'2024-11-25 04:00:00'),
(3020,31,11,'2024-11-25 05:00:00'),
(3021,31,11,'2024-11-25 06:00:00'),
(3022,31,11,'2024-11-25 07:00:00'),
(3023,31,11,'2024-11-25 08:00:00'),
(3024,31,11,'2024-11-25 09:00:00'),
(3025,31,11,'2024-11-25 10:00:00'),
(3026,31,11,'2024-11-25 11:00:00'),
(3027,31,11,'2024-11-25 12:00:00'),
(3170,34,5,'2024-11-25 14:00:00'),
(3171,34,5,'2024-11-25 15:00:00'),
(3172,34,5,'2024-11-25 16:00:00'),
(3173,34,5,'2024-11-25 17:00:00'),
(3174,34,5,'2024-11-25 18:00:00'),
(3175,34,5,'2024-11-25 19:00:00'),
(3176,34,5,'2024-11-25 20:00:00'),
(3177,34,5,'2024-11-25 21:00:00'),
(3178,34,5,'2024-11-25 22:00:00'),
(3179,34,5,'2024-11-25 23:00:00'),
(3180,34,5,'2024-11-26 00:00:00'),
(3181,34,5,'2024-11-26 01:00:00'),
(3182,34,5,'2024-11-26 02:00:00'),
(3183,34,5,'2024-11-26 03:00:00'),
(3184,34,5,'2024-11-26 04:00:00'),
(3185,34,5,'2024-11-26 05:00:00'),
(3186,34,5,'2024-11-26 06:00:00'),
(3187,34,5,'2024-11-26 07:00:00'),
(3188,34,5,'2024-11-26 08:00:00'),
(3189,34,5,'2024-11-26 09:00:00'),
(3190,34,5,'2024-11-26 10:00:00'),
(3191,34,5,'2024-11-26 11:00:00'),
(3192,34,5,'2024-11-26 12:00:00'),
(3193,34,5,'2024-11-26 13:00:00'),
(3194,34,5,'2024-11-26 14:00:00'),
(3195,34,5,'2024-11-26 15:00:00'),
(3196,34,5,'2024-11-26 16:00:00'),
(3197,34,5,'2024-11-26 17:00:00'),
(3198,34,5,'2024-11-26 18:00:00'),
(3199,34,5,'2024-11-26 19:00:00'),
(3200,34,5,'2024-11-26 20:00:00'),
(3201,34,5,'2024-11-26 21:00:00'),
(3202,34,5,'2024-11-26 22:00:00'),
(3203,34,5,'2024-11-26 23:00:00'),
(3204,34,5,'2024-11-27 00:00:00'),
(3205,34,5,'2024-11-27 01:00:00'),
(3206,34,5,'2024-11-27 02:00:00'),
(3207,34,5,'2024-11-27 03:00:00'),
(3208,34,5,'2024-11-27 04:00:00'),
(3209,34,5,'2024-11-27 05:00:00'),
(3210,34,5,'2024-11-27 06:00:00'),
(3211,34,5,'2024-11-27 07:00:00'),
(3212,34,5,'2024-11-27 08:00:00'),
(3213,34,5,'2024-11-27 09:00:00'),
(3214,34,5,'2024-11-27 10:00:00'),
(3215,34,5,'2024-11-27 11:00:00'),
(3216,34,5,'2024-11-27 12:00:00'),
(3217,34,5,'2024-11-27 13:00:00'),
(3218,34,5,'2024-11-27 14:00:00'),
(3219,34,5,'2024-11-27 15:00:00'),
(3220,34,5,'2024-11-27 16:00:00'),
(3221,34,5,'2024-11-27 17:00:00'),
(3222,34,5,'2024-11-27 18:00:00'),
(3223,34,5,'2024-11-27 19:00:00'),
(3224,34,5,'2024-11-27 20:00:00'),
(3225,34,5,'2024-11-27 21:00:00'),
(3226,34,5,'2024-11-27 22:00:00'),
(3227,34,5,'2024-11-27 23:00:00'),
(3228,34,5,'2024-11-28 00:00:00'),
(3229,34,5,'2024-11-28 01:00:00'),
(3230,34,5,'2024-11-28 02:00:00'),
(3231,34,5,'2024-11-28 03:00:00'),
(3232,34,5,'2024-11-28 04:00:00'),
(3233,34,5,'2024-11-28 05:00:00'),
(3234,34,5,'2024-11-28 06:00:00'),
(3235,34,5,'2024-11-28 07:00:00'),
(3236,34,5,'2024-11-28 08:00:00'),
(3237,34,5,'2024-11-28 09:00:00'),
(3238,34,5,'2024-11-28 10:00:00'),
(3239,34,5,'2024-11-28 11:00:00'),
(3240,34,5,'2024-11-28 12:00:00'),
(3241,35,4,'2024-11-22 14:00:00'),
(3242,35,4,'2024-11-22 15:00:00'),
(3243,35,4,'2024-11-22 16:00:00'),
(3244,35,4,'2024-11-22 17:00:00'),
(3245,35,4,'2024-11-22 18:00:00'),
(3246,35,4,'2024-11-22 19:00:00'),
(3247,35,4,'2024-11-22 20:00:00'),
(3248,35,4,'2024-11-22 21:00:00'),
(3249,35,4,'2024-11-22 22:00:00'),
(3250,35,4,'2024-11-22 23:00:00'),
(3251,35,4,'2024-11-23 00:00:00'),
(3252,35,4,'2024-11-23 01:00:00'),
(3253,35,4,'2024-11-23 02:00:00'),
(3254,35,4,'2024-11-23 03:00:00'),
(3255,35,4,'2024-11-23 04:00:00'),
(3256,35,4,'2024-11-23 05:00:00'),
(3257,35,4,'2024-11-23 06:00:00'),
(3258,35,4,'2024-11-23 07:00:00'),
(3259,35,4,'2024-11-23 08:00:00'),
(3260,35,4,'2024-11-23 09:00:00'),
(3261,35,4,'2024-11-23 10:00:00'),
(3262,35,4,'2024-11-23 11:00:00'),
(3263,35,4,'2024-11-23 12:00:00'),
(3264,35,4,'2024-11-23 13:00:00'),
(3265,35,4,'2024-11-23 14:00:00'),
(3266,35,4,'2024-11-23 15:00:00'),
(3267,35,4,'2024-11-23 16:00:00'),
(3268,35,4,'2024-11-23 17:00:00'),
(3269,35,4,'2024-11-23 18:00:00'),
(3270,35,4,'2024-11-23 19:00:00'),
(3271,35,4,'2024-11-23 20:00:00'),
(3272,35,4,'2024-11-23 21:00:00'),
(3273,35,4,'2024-11-23 22:00:00'),
(3274,35,4,'2024-11-23 23:00:00'),
(3275,35,4,'2024-11-24 00:00:00'),
(3276,35,4,'2024-11-24 01:00:00'),
(3277,35,4,'2024-11-24 02:00:00'),
(3278,35,4,'2024-11-24 03:00:00'),
(3279,35,4,'2024-11-24 04:00:00'),
(3280,35,4,'2024-11-24 05:00:00'),
(3281,35,4,'2024-11-24 06:00:00'),
(3282,35,4,'2024-11-24 07:00:00'),
(3283,35,4,'2024-11-24 08:00:00'),
(3284,35,4,'2024-11-24 09:00:00'),
(3285,35,4,'2024-11-24 10:00:00'),
(3286,35,4,'2024-11-24 11:00:00'),
(3287,35,4,'2024-11-24 12:00:00'),
(3288,36,6,'2024-11-21 14:00:00'),
(3289,36,6,'2024-11-21 15:00:00'),
(3290,36,6,'2024-11-21 16:00:00'),
(3291,36,6,'2024-11-21 17:00:00'),
(3292,36,6,'2024-11-21 18:00:00'),
(3293,36,6,'2024-11-21 19:00:00'),
(3294,36,6,'2024-11-21 20:00:00'),
(3295,36,6,'2024-11-21 21:00:00'),
(3296,36,6,'2024-11-21 22:00:00'),
(3297,36,6,'2024-11-21 23:00:00'),
(3298,36,6,'2024-11-22 00:00:00'),
(3299,36,6,'2024-11-22 01:00:00'),
(3300,36,6,'2024-11-22 02:00:00'),
(3301,36,6,'2024-11-22 03:00:00'),
(3302,36,6,'2024-11-22 04:00:00'),
(3303,36,6,'2024-11-22 05:00:00'),
(3304,36,6,'2024-11-22 06:00:00'),
(3305,36,6,'2024-11-22 07:00:00'),
(3306,36,6,'2024-11-22 08:00:00'),
(3307,36,6,'2024-11-22 09:00:00'),
(3308,36,6,'2024-11-22 10:00:00'),
(3309,36,6,'2024-11-22 11:00:00'),
(3310,36,6,'2024-11-22 12:00:00'),
(3311,37,4,'2024-11-26 14:00:00'),
(3312,37,4,'2024-11-26 15:00:00'),
(3313,37,4,'2024-11-26 16:00:00'),
(3314,37,4,'2024-11-26 17:00:00'),
(3315,37,4,'2024-11-26 18:00:00'),
(3316,37,4,'2024-11-26 19:00:00'),
(3317,37,4,'2024-11-26 20:00:00'),
(3318,37,4,'2024-11-26 21:00:00'),
(3319,37,4,'2024-11-26 22:00:00'),
(3320,37,4,'2024-11-26 23:00:00'),
(3321,37,4,'2024-11-27 00:00:00'),
(3322,37,4,'2024-11-27 01:00:00'),
(3323,37,4,'2024-11-27 02:00:00'),
(3324,37,4,'2024-11-27 03:00:00'),
(3325,37,4,'2024-11-27 04:00:00'),
(3326,37,4,'2024-11-27 05:00:00'),
(3327,37,4,'2024-11-27 06:00:00'),
(3328,37,4,'2024-11-27 07:00:00'),
(3329,37,4,'2024-11-27 08:00:00'),
(3330,37,4,'2024-11-27 09:00:00'),
(3331,37,4,'2024-11-27 10:00:00'),
(3332,37,4,'2024-11-27 11:00:00'),
(3333,37,4,'2024-11-27 12:00:00'),
(3334,37,4,'2024-11-27 13:00:00'),
(3335,37,4,'2024-11-27 14:00:00'),
(3336,37,4,'2024-11-27 15:00:00'),
(3337,37,4,'2024-11-27 16:00:00'),
(3338,37,4,'2024-11-27 17:00:00'),
(3339,37,4,'2024-11-27 18:00:00'),
(3340,37,4,'2024-11-27 19:00:00'),
(3341,37,4,'2024-11-27 20:00:00'),
(3342,37,4,'2024-11-27 21:00:00'),
(3343,37,4,'2024-11-27 22:00:00'),
(3344,37,4,'2024-11-27 23:00:00'),
(3345,37,4,'2024-11-28 00:00:00'),
(3346,37,4,'2024-11-28 01:00:00'),
(3347,37,4,'2024-11-28 02:00:00'),
(3348,37,4,'2024-11-28 03:00:00'),
(3349,37,4,'2024-11-28 04:00:00'),
(3350,37,4,'2024-11-28 05:00:00'),
(3351,37,4,'2024-11-28 06:00:00'),
(3352,37,4,'2024-11-28 07:00:00'),
(3353,37,4,'2024-11-28 08:00:00'),
(3354,37,4,'2024-11-28 09:00:00'),
(3355,37,4,'2024-11-28 10:00:00'),
(3356,37,4,'2024-11-28 11:00:00'),
(3357,37,4,'2024-11-28 12:00:00'),
(3358,37,4,'2024-11-28 13:00:00'),
(3359,37,4,'2024-11-28 14:00:00'),
(3360,37,4,'2024-11-28 15:00:00'),
(3361,37,4,'2024-11-28 16:00:00'),
(3362,37,4,'2024-11-28 17:00:00'),
(3363,37,4,'2024-11-28 18:00:00'),
(3364,37,4,'2024-11-28 19:00:00'),
(3365,37,4,'2024-11-28 20:00:00'),
(3366,37,4,'2024-11-28 21:00:00'),
(3367,37,4,'2024-11-28 22:00:00'),
(3368,37,4,'2024-11-28 23:00:00'),
(3369,37,4,'2024-11-29 00:00:00'),
(3370,37,4,'2024-11-29 01:00:00'),
(3371,37,4,'2024-11-29 02:00:00'),
(3372,37,4,'2024-11-29 03:00:00'),
(3373,37,4,'2024-11-29 04:00:00'),
(3374,37,4,'2024-11-29 05:00:00'),
(3375,37,4,'2024-11-29 06:00:00'),
(3376,37,4,'2024-11-29 07:00:00'),
(3377,37,4,'2024-11-29 08:00:00'),
(3378,37,4,'2024-11-29 09:00:00'),
(3379,37,4,'2024-11-29 10:00:00'),
(3380,37,4,'2024-11-29 11:00:00'),
(3381,37,4,'2024-11-29 12:00:00'),
(3382,38,3,'2024-11-20 14:00:00'),
(3383,38,3,'2024-11-20 15:00:00'),
(3384,38,3,'2024-11-20 16:00:00'),
(3385,38,3,'2024-11-20 17:00:00'),
(3386,38,3,'2024-11-20 18:00:00'),
(3387,38,3,'2024-11-20 19:00:00'),
(3388,38,3,'2024-11-20 20:00:00'),
(3389,38,3,'2024-11-20 21:00:00'),
(3390,38,3,'2024-11-20 22:00:00'),
(3391,38,3,'2024-11-20 23:00:00'),
(3392,38,3,'2024-11-21 00:00:00'),
(3393,38,3,'2024-11-21 01:00:00'),
(3394,38,3,'2024-11-21 02:00:00'),
(3395,38,3,'2024-11-21 03:00:00'),
(3396,38,3,'2024-11-21 04:00:00'),
(3397,38,3,'2024-11-21 05:00:00'),
(3398,38,3,'2024-11-21 06:00:00'),
(3399,38,3,'2024-11-21 07:00:00'),
(3400,38,3,'2024-11-21 08:00:00'),
(3401,38,3,'2024-11-21 09:00:00'),
(3402,38,3,'2024-11-21 10:00:00'),
(3403,38,3,'2024-11-21 11:00:00'),
(3404,38,3,'2024-11-21 12:00:00'),
(3405,39,8,'2024-11-22 14:00:00'),
(3406,39,8,'2024-11-22 15:00:00'),
(3407,39,8,'2024-11-22 16:00:00'),
(3408,39,8,'2024-11-22 17:00:00'),
(3409,39,8,'2024-11-22 18:00:00'),
(3410,39,8,'2024-11-22 19:00:00'),
(3411,39,8,'2024-11-22 20:00:00'),
(3412,39,8,'2024-11-22 21:00:00'),
(3413,39,8,'2024-11-22 22:00:00'),
(3414,39,8,'2024-11-22 23:00:00'),
(3415,39,8,'2024-11-23 00:00:00'),
(3416,39,8,'2024-11-23 01:00:00'),
(3417,39,8,'2024-11-23 02:00:00'),
(3418,39,8,'2024-11-23 03:00:00'),
(3419,39,8,'2024-11-23 04:00:00'),
(3420,39,8,'2024-11-23 05:00:00'),
(3421,39,8,'2024-11-23 06:00:00'),
(3422,39,8,'2024-11-23 07:00:00'),
(3423,39,8,'2024-11-23 08:00:00'),
(3424,39,8,'2024-11-23 09:00:00'),
(3425,39,8,'2024-11-23 10:00:00'),
(3426,39,8,'2024-11-23 11:00:00'),
(3427,39,8,'2024-11-23 12:00:00'),
(3428,39,8,'2024-11-23 13:00:00'),
(3429,39,8,'2024-11-23 14:00:00'),
(3430,39,8,'2024-11-23 15:00:00'),
(3431,39,8,'2024-11-23 16:00:00'),
(3432,39,8,'2024-11-23 17:00:00'),
(3433,39,8,'2024-11-23 18:00:00'),
(3434,39,8,'2024-11-23 19:00:00'),
(3435,39,8,'2024-11-23 20:00:00'),
(3436,39,8,'2024-11-23 21:00:00'),
(3437,39,8,'2024-11-23 22:00:00'),
(3438,39,8,'2024-11-23 23:00:00'),
(3439,39,8,'2024-11-24 00:00:00'),
(3440,39,8,'2024-11-24 01:00:00'),
(3441,39,8,'2024-11-24 02:00:00'),
(3442,39,8,'2024-11-24 03:00:00'),
(3443,39,8,'2024-11-24 04:00:00'),
(3444,39,8,'2024-11-24 05:00:00'),
(3445,39,8,'2024-11-24 06:00:00'),
(3446,39,8,'2024-11-24 07:00:00'),
(3447,39,8,'2024-11-24 08:00:00'),
(3448,39,8,'2024-11-24 09:00:00'),
(3449,39,8,'2024-11-24 10:00:00'),
(3450,39,8,'2024-11-24 11:00:00'),
(3451,39,8,'2024-11-24 12:00:00'),
(3452,39,8,'2024-11-24 13:00:00'),
(3453,39,8,'2024-11-24 14:00:00'),
(3454,39,8,'2024-11-24 15:00:00'),
(3455,39,8,'2024-11-24 16:00:00'),
(3456,39,8,'2024-11-24 17:00:00'),
(3457,39,8,'2024-11-24 18:00:00'),
(3458,39,8,'2024-11-24 19:00:00'),
(3459,39,8,'2024-11-24 20:00:00'),
(3460,39,8,'2024-11-24 21:00:00'),
(3461,39,8,'2024-11-24 22:00:00'),
(3462,39,8,'2024-11-24 23:00:00'),
(3463,39,8,'2024-11-25 00:00:00'),
(3464,39,8,'2024-11-25 01:00:00'),
(3465,39,8,'2024-11-25 02:00:00'),
(3466,39,8,'2024-11-25 03:00:00'),
(3467,39,8,'2024-11-25 04:00:00'),
(3468,39,8,'2024-11-25 05:00:00'),
(3469,39,8,'2024-11-25 06:00:00'),
(3470,39,8,'2024-11-25 07:00:00'),
(3471,39,8,'2024-11-25 08:00:00'),
(3472,39,8,'2024-11-25 09:00:00'),
(3473,39,8,'2024-11-25 10:00:00'),
(3474,39,8,'2024-11-25 11:00:00'),
(3475,39,8,'2024-11-25 12:00:00'),
(3476,39,8,'2024-11-25 13:00:00'),
(3477,39,8,'2024-11-25 14:00:00'),
(3478,39,8,'2024-11-25 15:00:00'),
(3479,39,8,'2024-11-25 16:00:00'),
(3480,39,8,'2024-11-25 17:00:00'),
(3481,39,8,'2024-11-25 18:00:00'),
(3482,39,8,'2024-11-25 19:00:00'),
(3483,39,8,'2024-11-25 20:00:00'),
(3484,39,8,'2024-11-25 21:00:00'),
(3485,39,8,'2024-11-25 22:00:00'),
(3486,39,8,'2024-11-25 23:00:00'),
(3487,39,8,'2024-11-26 00:00:00'),
(3488,39,8,'2024-11-26 01:00:00'),
(3489,39,8,'2024-11-26 02:00:00'),
(3490,39,8,'2024-11-26 03:00:00'),
(3491,39,8,'2024-11-26 04:00:00'),
(3492,39,8,'2024-11-26 05:00:00'),
(3493,39,8,'2024-11-26 06:00:00'),
(3494,39,8,'2024-11-26 07:00:00'),
(3495,39,8,'2024-11-26 08:00:00'),
(3496,39,8,'2024-11-26 09:00:00'),
(3497,39,8,'2024-11-26 10:00:00'),
(3498,39,8,'2024-11-26 11:00:00'),
(3499,39,8,'2024-11-26 12:00:00'),
(3500,40,3,'2024-11-25 14:00:00'),
(3501,40,3,'2024-11-25 15:00:00'),
(3502,40,3,'2024-11-25 16:00:00'),
(3503,40,3,'2024-11-25 17:00:00'),
(3504,40,3,'2024-11-25 18:00:00'),
(3505,40,3,'2024-11-25 19:00:00'),
(3506,40,3,'2024-11-25 20:00:00'),
(3507,40,3,'2024-11-25 21:00:00'),
(3508,40,3,'2024-11-25 22:00:00'),
(3509,40,3,'2024-11-25 23:00:00'),
(3510,40,3,'2024-11-26 00:00:00'),
(3511,40,3,'2024-11-26 01:00:00'),
(3512,40,3,'2024-11-26 02:00:00'),
(3513,40,3,'2024-11-26 03:00:00'),
(3514,40,3,'2024-11-26 04:00:00'),
(3515,40,3,'2024-11-26 05:00:00'),
(3516,40,3,'2024-11-26 06:00:00'),
(3517,40,3,'2024-11-26 07:00:00'),
(3518,40,3,'2024-11-26 08:00:00'),
(3519,40,3,'2024-11-26 09:00:00'),
(3520,40,3,'2024-11-26 10:00:00'),
(3521,40,3,'2024-11-26 11:00:00'),
(3522,40,3,'2024-11-26 12:00:00'),
(3523,40,3,'2024-11-26 13:00:00'),
(3524,40,3,'2024-11-26 14:00:00'),
(3525,40,3,'2024-11-26 15:00:00'),
(3526,40,3,'2024-11-26 16:00:00'),
(3527,40,3,'2024-11-26 17:00:00'),
(3528,40,3,'2024-11-26 18:00:00'),
(3529,40,3,'2024-11-26 19:00:00'),
(3530,40,3,'2024-11-26 20:00:00'),
(3531,40,3,'2024-11-26 21:00:00'),
(3532,40,3,'2024-11-26 22:00:00'),
(3533,40,3,'2024-11-26 23:00:00'),
(3534,40,3,'2024-11-27 00:00:00'),
(3535,40,3,'2024-11-27 01:00:00'),
(3536,40,3,'2024-11-27 02:00:00'),
(3537,40,3,'2024-11-27 03:00:00'),
(3538,40,3,'2024-11-27 04:00:00'),
(3539,40,3,'2024-11-27 05:00:00'),
(3540,40,3,'2024-11-27 06:00:00'),
(3541,40,3,'2024-11-27 07:00:00'),
(3542,40,3,'2024-11-27 08:00:00'),
(3543,40,3,'2024-11-27 09:00:00'),
(3544,40,3,'2024-11-27 10:00:00'),
(3545,40,3,'2024-11-27 11:00:00'),
(3546,40,3,'2024-11-27 12:00:00'),
(3640,44,7,'2024-11-27 14:00:00'),
(3641,44,7,'2024-11-27 15:00:00'),
(3642,44,7,'2024-11-27 16:00:00'),
(3643,44,7,'2024-11-27 17:00:00'),
(3644,44,7,'2024-11-27 18:00:00'),
(3645,44,7,'2024-11-27 19:00:00'),
(3646,44,7,'2024-11-27 20:00:00'),
(3647,44,7,'2024-11-27 21:00:00'),
(3648,44,7,'2024-11-27 22:00:00'),
(3649,44,7,'2024-11-27 23:00:00'),
(3650,44,7,'2024-11-28 00:00:00'),
(3651,44,7,'2024-11-28 01:00:00'),
(3652,44,7,'2024-11-28 02:00:00'),
(3653,44,7,'2024-11-28 03:00:00'),
(3654,44,7,'2024-11-28 04:00:00'),
(3655,44,7,'2024-11-28 05:00:00'),
(3656,44,7,'2024-11-28 06:00:00'),
(3657,44,7,'2024-11-28 07:00:00'),
(3658,44,7,'2024-11-28 08:00:00'),
(3659,44,7,'2024-11-28 09:00:00'),
(3660,44,7,'2024-11-28 10:00:00'),
(3661,44,7,'2024-11-28 11:00:00'),
(3662,44,7,'2024-11-28 12:00:00'),
(3663,45,7,'2024-11-26 14:00:00'),
(3664,45,7,'2024-11-26 15:00:00'),
(3665,45,7,'2024-11-26 16:00:00'),
(3666,45,7,'2024-11-26 17:00:00'),
(3667,45,7,'2024-11-26 18:00:00'),
(3668,45,7,'2024-11-26 19:00:00'),
(3669,45,7,'2024-11-26 20:00:00'),
(3670,45,7,'2024-11-26 21:00:00'),
(3671,45,7,'2024-11-26 22:00:00'),
(3672,45,7,'2024-11-26 23:00:00'),
(3673,45,7,'2024-11-27 00:00:00'),
(3674,45,7,'2024-11-27 01:00:00'),
(3675,45,7,'2024-11-27 02:00:00'),
(3676,45,7,'2024-11-27 03:00:00'),
(3677,45,7,'2024-11-27 04:00:00'),
(3678,45,7,'2024-11-27 05:00:00'),
(3679,45,7,'2024-11-27 06:00:00'),
(3680,45,7,'2024-11-27 07:00:00'),
(3681,45,7,'2024-11-27 08:00:00'),
(3682,45,7,'2024-11-27 09:00:00'),
(3683,45,7,'2024-11-27 10:00:00'),
(3684,45,7,'2024-11-27 11:00:00'),
(3685,45,7,'2024-11-27 12:00:00'),
(3686,46,10,'2024-11-21 14:00:00'),
(3687,46,10,'2024-11-21 15:00:00'),
(3688,46,10,'2024-11-21 16:00:00'),
(3689,46,10,'2024-11-21 17:00:00'),
(3690,46,10,'2024-11-21 18:00:00'),
(3691,46,10,'2024-11-21 19:00:00'),
(3692,46,10,'2024-11-21 20:00:00'),
(3693,46,10,'2024-11-21 21:00:00'),
(3694,46,10,'2024-11-21 22:00:00'),
(3695,46,10,'2024-11-21 23:00:00'),
(3696,46,10,'2024-11-22 00:00:00'),
(3697,46,10,'2024-11-22 01:00:00'),
(3698,46,10,'2024-11-22 02:00:00'),
(3699,46,10,'2024-11-22 03:00:00'),
(3700,46,10,'2024-11-22 04:00:00'),
(3701,46,10,'2024-11-22 05:00:00'),
(3702,46,10,'2024-11-22 06:00:00'),
(3703,46,10,'2024-11-22 07:00:00'),
(3704,46,10,'2024-11-22 08:00:00'),
(3705,46,10,'2024-11-22 09:00:00'),
(3706,46,10,'2024-11-22 10:00:00'),
(3707,46,10,'2024-11-22 11:00:00'),
(3708,46,10,'2024-11-22 12:00:00'),
(3709,46,10,'2024-11-22 13:00:00'),
(3710,46,10,'2024-11-22 14:00:00'),
(3711,46,10,'2024-11-22 15:00:00'),
(3712,46,10,'2024-11-22 16:00:00'),
(3713,46,10,'2024-11-22 17:00:00'),
(3714,46,10,'2024-11-22 18:00:00'),
(3715,46,10,'2024-11-22 19:00:00'),
(3716,46,10,'2024-11-22 20:00:00'),
(3717,46,10,'2024-11-22 21:00:00'),
(3718,46,10,'2024-11-22 22:00:00'),
(3719,46,10,'2024-11-22 23:00:00'),
(3720,46,10,'2024-11-23 00:00:00'),
(3721,46,10,'2024-11-23 01:00:00'),
(3722,46,10,'2024-11-23 02:00:00'),
(3723,46,10,'2024-11-23 03:00:00'),
(3724,46,10,'2024-11-23 04:00:00'),
(3725,46,10,'2024-11-23 05:00:00'),
(3726,46,10,'2024-11-23 06:00:00'),
(3727,46,10,'2024-11-23 07:00:00'),
(3728,46,10,'2024-11-23 08:00:00'),
(3729,46,10,'2024-11-23 09:00:00'),
(3730,46,10,'2024-11-23 10:00:00'),
(3731,46,10,'2024-11-23 11:00:00'),
(3732,46,10,'2024-11-23 12:00:00'),
(3733,47,10,'2024-11-24 14:00:00'),
(3734,47,10,'2024-11-24 15:00:00'),
(3735,47,10,'2024-11-24 16:00:00'),
(3736,47,10,'2024-11-24 17:00:00'),
(3737,47,10,'2024-11-24 18:00:00'),
(3738,47,10,'2024-11-24 19:00:00'),
(3739,47,10,'2024-11-24 20:00:00'),
(3740,47,10,'2024-11-24 21:00:00'),
(3741,47,10,'2024-11-24 22:00:00'),
(3742,47,10,'2024-11-24 23:00:00'),
(3743,47,10,'2024-11-25 00:00:00'),
(3744,47,10,'2024-11-25 01:00:00'),
(3745,47,10,'2024-11-25 02:00:00'),
(3746,47,10,'2024-11-25 03:00:00'),
(3747,47,10,'2024-11-25 04:00:00'),
(3748,47,10,'2024-11-25 05:00:00'),
(3749,47,10,'2024-11-25 06:00:00'),
(3750,47,10,'2024-11-25 07:00:00'),
(3751,47,10,'2024-11-25 08:00:00'),
(3752,47,10,'2024-11-25 09:00:00'),
(3753,47,10,'2024-11-25 10:00:00'),
(3754,47,10,'2024-11-25 11:00:00'),
(3755,47,10,'2024-11-25 12:00:00'),
(3756,47,10,'2024-11-25 13:00:00'),
(3757,47,10,'2024-11-25 14:00:00'),
(3758,47,10,'2024-11-25 15:00:00'),
(3759,47,10,'2024-11-25 16:00:00'),
(3760,47,10,'2024-11-25 17:00:00'),
(3761,47,10,'2024-11-25 18:00:00'),
(3762,47,10,'2024-11-25 19:00:00'),
(3763,47,10,'2024-11-25 20:00:00'),
(3764,47,10,'2024-11-25 21:00:00'),
(3765,47,10,'2024-11-25 22:00:00'),
(3766,47,10,'2024-11-25 23:00:00'),
(3767,47,10,'2024-11-26 00:00:00'),
(3768,47,10,'2024-11-26 01:00:00'),
(3769,47,10,'2024-11-26 02:00:00'),
(3770,47,10,'2024-11-26 03:00:00'),
(3771,47,10,'2024-11-26 04:00:00'),
(3772,47,10,'2024-11-26 05:00:00'),
(3773,47,10,'2024-11-26 06:00:00'),
(3774,47,10,'2024-11-26 07:00:00'),
(3775,47,10,'2024-11-26 08:00:00'),
(3776,47,10,'2024-11-26 09:00:00'),
(3777,47,10,'2024-11-26 10:00:00'),
(3778,47,10,'2024-11-26 11:00:00'),
(3779,47,10,'2024-11-26 12:00:00'),
(3780,48,10,'2024-11-26 14:00:00'),
(3781,48,10,'2024-11-26 15:00:00'),
(3782,48,10,'2024-11-26 16:00:00'),
(3783,48,10,'2024-11-26 17:00:00'),
(3784,48,10,'2024-11-26 18:00:00'),
(3785,48,10,'2024-11-26 19:00:00'),
(3786,48,10,'2024-11-26 20:00:00'),
(3787,48,10,'2024-11-26 21:00:00'),
(3788,48,10,'2024-11-26 22:00:00'),
(3789,48,10,'2024-11-26 23:00:00'),
(3790,48,10,'2024-11-27 00:00:00'),
(3791,48,10,'2024-11-27 01:00:00'),
(3792,48,10,'2024-11-27 02:00:00'),
(3793,48,10,'2024-11-27 03:00:00'),
(3794,48,10,'2024-11-27 04:00:00'),
(3795,48,10,'2024-11-27 05:00:00'),
(3796,48,10,'2024-11-27 06:00:00'),
(3797,48,10,'2024-11-27 07:00:00'),
(3798,48,10,'2024-11-27 08:00:00'),
(3799,48,10,'2024-11-27 09:00:00'),
(3800,48,10,'2024-11-27 10:00:00'),
(3801,48,10,'2024-11-27 11:00:00'),
(3802,48,10,'2024-11-27 12:00:00'),
(3803,48,10,'2024-11-27 13:00:00'),
(3804,48,10,'2024-11-27 14:00:00'),
(3805,48,10,'2024-11-27 15:00:00'),
(3806,48,10,'2024-11-27 16:00:00'),
(3807,48,10,'2024-11-27 17:00:00'),
(3808,48,10,'2024-11-27 18:00:00'),
(3809,48,10,'2024-11-27 19:00:00'),
(3810,48,10,'2024-11-27 20:00:00'),
(3811,48,10,'2024-11-27 21:00:00'),
(3812,48,10,'2024-11-27 22:00:00'),
(3813,48,10,'2024-11-27 23:00:00'),
(3814,48,10,'2024-11-28 00:00:00'),
(3815,48,10,'2024-11-28 01:00:00'),
(3816,48,10,'2024-11-28 02:00:00'),
(3817,48,10,'2024-11-28 03:00:00'),
(3818,48,10,'2024-11-28 04:00:00'),
(3819,48,10,'2024-11-28 05:00:00'),
(3820,48,10,'2024-11-28 06:00:00'),
(3821,48,10,'2024-11-28 07:00:00'),
(3822,48,10,'2024-11-28 08:00:00'),
(3823,48,10,'2024-11-28 09:00:00'),
(3824,48,10,'2024-11-28 10:00:00'),
(3825,48,10,'2024-11-28 11:00:00'),
(3826,48,10,'2024-11-28 12:00:00'),
(3827,48,10,'2024-11-28 13:00:00'),
(3828,48,10,'2024-11-28 14:00:00'),
(3829,48,10,'2024-11-28 15:00:00'),
(3830,48,10,'2024-11-28 16:00:00'),
(3831,48,10,'2024-11-28 17:00:00'),
(3832,48,10,'2024-11-28 18:00:00'),
(3833,48,10,'2024-11-28 19:00:00'),
(3834,48,10,'2024-11-28 20:00:00'),
(3835,48,10,'2024-11-28 21:00:00'),
(3836,48,10,'2024-11-28 22:00:00'),
(3837,48,10,'2024-11-28 23:00:00'),
(3838,48,10,'2024-11-29 00:00:00'),
(3839,48,10,'2024-11-29 01:00:00'),
(3840,48,10,'2024-11-29 02:00:00'),
(3841,48,10,'2024-11-29 03:00:00'),
(3842,48,10,'2024-11-29 04:00:00'),
(3843,48,10,'2024-11-29 05:00:00'),
(3844,48,10,'2024-11-29 06:00:00'),
(3845,48,10,'2024-11-29 07:00:00'),
(3846,48,10,'2024-11-29 08:00:00'),
(3847,48,10,'2024-11-29 09:00:00'),
(3848,48,10,'2024-11-29 10:00:00'),
(3849,48,10,'2024-11-29 11:00:00'),
(3850,48,10,'2024-11-29 12:00:00'),
(3851,49,11,'2024-11-25 14:00:00'),
(3852,49,11,'2024-11-25 15:00:00'),
(3853,49,11,'2024-11-25 16:00:00'),
(3854,49,11,'2024-11-25 17:00:00'),
(3855,49,11,'2024-11-25 18:00:00'),
(3856,49,11,'2024-11-25 19:00:00'),
(3857,49,11,'2024-11-25 20:00:00'),
(3858,49,11,'2024-11-25 21:00:00'),
(3859,49,11,'2024-11-25 22:00:00'),
(3860,49,11,'2024-11-25 23:00:00'),
(3861,49,11,'2024-11-26 00:00:00'),
(3862,49,11,'2024-11-26 01:00:00'),
(3863,49,11,'2024-11-26 02:00:00'),
(3864,49,11,'2024-11-26 03:00:00'),
(3865,49,11,'2024-11-26 04:00:00'),
(3866,49,11,'2024-11-26 05:00:00'),
(3867,49,11,'2024-11-26 06:00:00'),
(3868,49,11,'2024-11-26 07:00:00'),
(3869,49,11,'2024-11-26 08:00:00'),
(3870,49,11,'2024-11-26 09:00:00'),
(3871,49,11,'2024-11-26 10:00:00'),
(3872,49,11,'2024-11-26 11:00:00'),
(3873,49,11,'2024-11-26 12:00:00'),
(3874,49,11,'2024-11-26 13:00:00'),
(3875,49,11,'2024-11-26 14:00:00'),
(3876,49,11,'2024-11-26 15:00:00'),
(3877,49,11,'2024-11-26 16:00:00'),
(3878,49,11,'2024-11-26 17:00:00'),
(3879,49,11,'2024-11-26 18:00:00'),
(3880,49,11,'2024-11-26 19:00:00'),
(3881,49,11,'2024-11-26 20:00:00'),
(3882,49,11,'2024-11-26 21:00:00'),
(3883,49,11,'2024-11-26 22:00:00'),
(3884,49,11,'2024-11-26 23:00:00'),
(3885,49,11,'2024-11-27 00:00:00'),
(3886,49,11,'2024-11-27 01:00:00'),
(3887,49,11,'2024-11-27 02:00:00'),
(3888,49,11,'2024-11-27 03:00:00'),
(3889,49,11,'2024-11-27 04:00:00'),
(3890,49,11,'2024-11-27 05:00:00'),
(3891,49,11,'2024-11-27 06:00:00'),
(3892,49,11,'2024-11-27 07:00:00'),
(3893,49,11,'2024-11-27 08:00:00'),
(3894,49,11,'2024-11-27 09:00:00'),
(3895,49,11,'2024-11-27 10:00:00'),
(3896,49,11,'2024-11-27 11:00:00'),
(3897,49,11,'2024-11-27 12:00:00'),
(3898,49,11,'2024-11-27 13:00:00'),
(3899,49,11,'2024-11-27 14:00:00'),
(3900,49,11,'2024-11-27 15:00:00'),
(3901,49,11,'2024-11-27 16:00:00'),
(3902,49,11,'2024-11-27 17:00:00'),
(3903,49,11,'2024-11-27 18:00:00'),
(3904,49,11,'2024-11-27 19:00:00'),
(3905,49,11,'2024-11-27 20:00:00'),
(3906,49,11,'2024-11-27 21:00:00'),
(3907,49,11,'2024-11-27 22:00:00'),
(3908,49,11,'2024-11-27 23:00:00'),
(3909,49,11,'2024-11-28 00:00:00'),
(3910,49,11,'2024-11-28 01:00:00'),
(3911,49,11,'2024-11-28 02:00:00'),
(3912,49,11,'2024-11-28 03:00:00'),
(3913,49,11,'2024-11-28 04:00:00'),
(3914,49,11,'2024-11-28 05:00:00'),
(3915,49,11,'2024-11-28 06:00:00'),
(3916,49,11,'2024-11-28 07:00:00'),
(3917,49,11,'2024-11-28 08:00:00'),
(3918,49,11,'2024-11-28 09:00:00'),
(3919,49,11,'2024-11-28 10:00:00'),
(3920,49,11,'2024-11-28 11:00:00'),
(3921,49,11,'2024-11-28 12:00:00'),
(3922,50,3,'2024-12-02 14:00:00'),
(3923,50,4,'2024-12-02 14:00:00'),
(3924,50,5,'2024-12-02 14:00:00'),
(3925,50,6,'2024-12-02 14:00:00'),
(3926,50,7,'2024-12-02 14:00:00'),
(3927,50,8,'2024-12-02 14:00:00'),
(3928,50,10,'2024-12-02 14:00:00'),
(3929,50,11,'2024-12-02 14:00:00'),
(3930,50,3,'2024-12-02 15:00:00'),
(3931,50,4,'2024-12-02 15:00:00'),
(3932,50,5,'2024-12-02 15:00:00'),
(3933,50,6,'2024-12-02 15:00:00'),
(3934,50,7,'2024-12-02 15:00:00'),
(3935,50,8,'2024-12-02 15:00:00'),
(3936,50,10,'2024-12-02 15:00:00'),
(3937,50,11,'2024-12-02 15:00:00'),
(3938,50,3,'2024-12-02 16:00:00'),
(3939,50,4,'2024-12-02 16:00:00'),
(3940,50,5,'2024-12-02 16:00:00'),
(3941,50,6,'2024-12-02 16:00:00'),
(3942,50,7,'2024-12-02 16:00:00'),
(3943,50,8,'2024-12-02 16:00:00'),
(3944,50,10,'2024-12-02 16:00:00'),
(3945,50,11,'2024-12-02 16:00:00'),
(3946,50,3,'2024-12-02 17:00:00'),
(3947,50,4,'2024-12-02 17:00:00'),
(3948,50,5,'2024-12-02 17:00:00'),
(3949,50,6,'2024-12-02 17:00:00'),
(3950,50,7,'2024-12-02 17:00:00'),
(3951,50,8,'2024-12-02 17:00:00'),
(3952,50,10,'2024-12-02 17:00:00'),
(3953,50,11,'2024-12-02 17:00:00'),
(3954,50,3,'2024-12-02 18:00:00'),
(3955,50,4,'2024-12-02 18:00:00'),
(3956,50,5,'2024-12-02 18:00:00'),
(3957,50,6,'2024-12-02 18:00:00'),
(3958,50,7,'2024-12-02 18:00:00'),
(3959,50,8,'2024-12-02 18:00:00'),
(3960,50,10,'2024-12-02 18:00:00'),
(3961,50,11,'2024-12-02 18:00:00'),
(3962,50,3,'2024-12-02 19:00:00'),
(3963,50,4,'2024-12-02 19:00:00'),
(3964,50,5,'2024-12-02 19:00:00'),
(3965,50,6,'2024-12-02 19:00:00'),
(3966,50,7,'2024-12-02 19:00:00'),
(3967,50,8,'2024-12-02 19:00:00'),
(3968,50,10,'2024-12-02 19:00:00'),
(3969,50,11,'2024-12-02 19:00:00'),
(3970,50,3,'2024-12-02 20:00:00'),
(3971,50,4,'2024-12-02 20:00:00'),
(3972,50,5,'2024-12-02 20:00:00'),
(3973,50,6,'2024-12-02 20:00:00'),
(3974,50,7,'2024-12-02 20:00:00'),
(3975,50,8,'2024-12-02 20:00:00'),
(3976,50,10,'2024-12-02 20:00:00'),
(3977,50,11,'2024-12-02 20:00:00'),
(3978,50,3,'2024-12-02 21:00:00'),
(3979,50,4,'2024-12-02 21:00:00'),
(3980,50,5,'2024-12-02 21:00:00'),
(3981,50,6,'2024-12-02 21:00:00'),
(3982,50,7,'2024-12-02 21:00:00'),
(3983,50,8,'2024-12-02 21:00:00'),
(3984,50,10,'2024-12-02 21:00:00'),
(3985,50,11,'2024-12-02 21:00:00'),
(3986,50,3,'2024-12-02 22:00:00'),
(3987,50,4,'2024-12-02 22:00:00'),
(3988,50,5,'2024-12-02 22:00:00'),
(3989,50,6,'2024-12-02 22:00:00'),
(3990,50,7,'2024-12-02 22:00:00'),
(3991,50,8,'2024-12-02 22:00:00'),
(3992,50,10,'2024-12-02 22:00:00'),
(3993,50,11,'2024-12-02 22:00:00'),
(3994,50,3,'2024-12-02 23:00:00'),
(3995,50,4,'2024-12-02 23:00:00'),
(3996,50,5,'2024-12-02 23:00:00'),
(3997,50,6,'2024-12-02 23:00:00'),
(3998,50,7,'2024-12-02 23:00:00'),
(3999,50,8,'2024-12-02 23:00:00'),
(4000,50,10,'2024-12-02 23:00:00'),
(4001,50,11,'2024-12-02 23:00:00'),
(4002,50,3,'2024-12-03 00:00:00'),
(4003,50,4,'2024-12-03 00:00:00'),
(4004,50,5,'2024-12-03 00:00:00'),
(4005,50,6,'2024-12-03 00:00:00'),
(4006,50,7,'2024-12-03 00:00:00'),
(4007,50,8,'2024-12-03 00:00:00'),
(4008,50,10,'2024-12-03 00:00:00'),
(4009,50,11,'2024-12-03 00:00:00'),
(4010,50,3,'2024-12-03 01:00:00'),
(4011,50,4,'2024-12-03 01:00:00'),
(4012,50,5,'2024-12-03 01:00:00'),
(4013,50,6,'2024-12-03 01:00:00'),
(4014,50,7,'2024-12-03 01:00:00'),
(4015,50,8,'2024-12-03 01:00:00'),
(4016,50,10,'2024-12-03 01:00:00'),
(4017,50,11,'2024-12-03 01:00:00'),
(4018,50,3,'2024-12-03 02:00:00'),
(4019,50,4,'2024-12-03 02:00:00'),
(4020,50,5,'2024-12-03 02:00:00'),
(4021,50,6,'2024-12-03 02:00:00'),
(4022,50,7,'2024-12-03 02:00:00'),
(4023,50,8,'2024-12-03 02:00:00'),
(4024,50,10,'2024-12-03 02:00:00'),
(4025,50,11,'2024-12-03 02:00:00'),
(4026,50,3,'2024-12-03 03:00:00'),
(4027,50,4,'2024-12-03 03:00:00'),
(4028,50,5,'2024-12-03 03:00:00'),
(4029,50,6,'2024-12-03 03:00:00'),
(4030,50,7,'2024-12-03 03:00:00'),
(4031,50,8,'2024-12-03 03:00:00'),
(4032,50,10,'2024-12-03 03:00:00'),
(4033,50,11,'2024-12-03 03:00:00'),
(4034,50,3,'2024-12-03 04:00:00'),
(4035,50,4,'2024-12-03 04:00:00'),
(4036,50,5,'2024-12-03 04:00:00'),
(4037,50,6,'2024-12-03 04:00:00'),
(4038,50,7,'2024-12-03 04:00:00'),
(4039,50,8,'2024-12-03 04:00:00'),
(4040,50,10,'2024-12-03 04:00:00'),
(4041,50,11,'2024-12-03 04:00:00'),
(4042,50,3,'2024-12-03 05:00:00'),
(4043,50,4,'2024-12-03 05:00:00'),
(4044,50,5,'2024-12-03 05:00:00'),
(4045,50,6,'2024-12-03 05:00:00'),
(4046,50,7,'2024-12-03 05:00:00'),
(4047,50,8,'2024-12-03 05:00:00'),
(4048,50,10,'2024-12-03 05:00:00'),
(4049,50,11,'2024-12-03 05:00:00'),
(4050,50,3,'2024-12-03 06:00:00'),
(4051,50,4,'2024-12-03 06:00:00'),
(4052,50,5,'2024-12-03 06:00:00'),
(4053,50,6,'2024-12-03 06:00:00'),
(4054,50,7,'2024-12-03 06:00:00'),
(4055,50,8,'2024-12-03 06:00:00'),
(4056,50,10,'2024-12-03 06:00:00'),
(4057,50,11,'2024-12-03 06:00:00'),
(4058,50,3,'2024-12-03 07:00:00'),
(4059,50,4,'2024-12-03 07:00:00'),
(4060,50,5,'2024-12-03 07:00:00'),
(4061,50,6,'2024-12-03 07:00:00'),
(4062,50,7,'2024-12-03 07:00:00'),
(4063,50,8,'2024-12-03 07:00:00'),
(4064,50,10,'2024-12-03 07:00:00'),
(4065,50,11,'2024-12-03 07:00:00'),
(4066,50,3,'2024-12-03 08:00:00'),
(4067,50,4,'2024-12-03 08:00:00'),
(4068,50,5,'2024-12-03 08:00:00'),
(4069,50,6,'2024-12-03 08:00:00'),
(4070,50,7,'2024-12-03 08:00:00'),
(4071,50,8,'2024-12-03 08:00:00'),
(4072,50,10,'2024-12-03 08:00:00'),
(4073,50,11,'2024-12-03 08:00:00'),
(4074,50,3,'2024-12-03 09:00:00'),
(4075,50,4,'2024-12-03 09:00:00'),
(4076,50,5,'2024-12-03 09:00:00'),
(4077,50,6,'2024-12-03 09:00:00'),
(4078,50,7,'2024-12-03 09:00:00'),
(4079,50,8,'2024-12-03 09:00:00'),
(4080,50,10,'2024-12-03 09:00:00'),
(4081,50,11,'2024-12-03 09:00:00'),
(4082,50,3,'2024-12-03 10:00:00'),
(4083,50,4,'2024-12-03 10:00:00'),
(4084,50,5,'2024-12-03 10:00:00'),
(4085,50,6,'2024-12-03 10:00:00'),
(4086,50,7,'2024-12-03 10:00:00'),
(4087,50,8,'2024-12-03 10:00:00'),
(4088,50,10,'2024-12-03 10:00:00'),
(4089,50,11,'2024-12-03 10:00:00'),
(4090,50,3,'2024-12-03 11:00:00'),
(4091,50,4,'2024-12-03 11:00:00'),
(4092,50,5,'2024-12-03 11:00:00'),
(4093,50,6,'2024-12-03 11:00:00'),
(4094,50,7,'2024-12-03 11:00:00'),
(4095,50,8,'2024-12-03 11:00:00'),
(4096,50,10,'2024-12-03 11:00:00'),
(4097,50,11,'2024-12-03 11:00:00'),
(4098,50,3,'2024-12-03 12:00:00'),
(4099,50,4,'2024-12-03 12:00:00'),
(4100,50,5,'2024-12-03 12:00:00'),
(4101,50,6,'2024-12-03 12:00:00'),
(4102,50,7,'2024-12-03 12:00:00'),
(4103,50,8,'2024-12-03 12:00:00'),
(4104,50,10,'2024-12-03 12:00:00'),
(4105,50,11,'2024-12-03 12:00:00'),
(4106,50,3,'2024-12-03 13:00:00'),
(4107,50,4,'2024-12-03 13:00:00'),
(4108,50,5,'2024-12-03 13:00:00'),
(4109,50,6,'2024-12-03 13:00:00'),
(4110,50,7,'2024-12-03 13:00:00'),
(4111,50,8,'2024-12-03 13:00:00'),
(4112,50,10,'2024-12-03 13:00:00'),
(4113,50,11,'2024-12-03 13:00:00'),
(4114,50,3,'2024-12-03 14:00:00'),
(4115,50,4,'2024-12-03 14:00:00'),
(4116,50,5,'2024-12-03 14:00:00'),
(4117,50,6,'2024-12-03 14:00:00'),
(4118,50,7,'2024-12-03 14:00:00'),
(4119,50,8,'2024-12-03 14:00:00'),
(4120,50,10,'2024-12-03 14:00:00'),
(4121,50,11,'2024-12-03 14:00:00'),
(4122,50,3,'2024-12-03 15:00:00'),
(4123,50,4,'2024-12-03 15:00:00'),
(4124,50,5,'2024-12-03 15:00:00'),
(4125,50,6,'2024-12-03 15:00:00'),
(4126,50,7,'2024-12-03 15:00:00'),
(4127,50,8,'2024-12-03 15:00:00'),
(4128,50,10,'2024-12-03 15:00:00'),
(4129,50,11,'2024-12-03 15:00:00'),
(4130,50,3,'2024-12-03 16:00:00'),
(4131,50,4,'2024-12-03 16:00:00'),
(4132,50,5,'2024-12-03 16:00:00'),
(4133,50,6,'2024-12-03 16:00:00'),
(4134,50,7,'2024-12-03 16:00:00'),
(4135,50,8,'2024-12-03 16:00:00'),
(4136,50,10,'2024-12-03 16:00:00'),
(4137,50,11,'2024-12-03 16:00:00'),
(4138,50,3,'2024-12-03 17:00:00'),
(4139,50,4,'2024-12-03 17:00:00'),
(4140,50,5,'2024-12-03 17:00:00'),
(4141,50,6,'2024-12-03 17:00:00'),
(4142,50,7,'2024-12-03 17:00:00'),
(4143,50,8,'2024-12-03 17:00:00'),
(4144,50,10,'2024-12-03 17:00:00'),
(4145,50,11,'2024-12-03 17:00:00'),
(4146,50,3,'2024-12-03 18:00:00'),
(4147,50,4,'2024-12-03 18:00:00'),
(4148,50,5,'2024-12-03 18:00:00'),
(4149,50,6,'2024-12-03 18:00:00'),
(4150,50,7,'2024-12-03 18:00:00'),
(4151,50,8,'2024-12-03 18:00:00'),
(4152,50,10,'2024-12-03 18:00:00'),
(4153,50,11,'2024-12-03 18:00:00'),
(4154,50,3,'2024-12-03 19:00:00'),
(4155,50,4,'2024-12-03 19:00:00'),
(4156,50,5,'2024-12-03 19:00:00'),
(4157,50,6,'2024-12-03 19:00:00'),
(4158,50,7,'2024-12-03 19:00:00'),
(4159,50,8,'2024-12-03 19:00:00'),
(4160,50,10,'2024-12-03 19:00:00'),
(4161,50,11,'2024-12-03 19:00:00'),
(4162,50,3,'2024-12-03 20:00:00'),
(4163,50,4,'2024-12-03 20:00:00'),
(4164,50,5,'2024-12-03 20:00:00'),
(4165,50,6,'2024-12-03 20:00:00'),
(4166,50,7,'2024-12-03 20:00:00'),
(4167,50,8,'2024-12-03 20:00:00'),
(4168,50,10,'2024-12-03 20:00:00'),
(4169,50,11,'2024-12-03 20:00:00'),
(4170,50,3,'2024-12-03 21:00:00'),
(4171,50,4,'2024-12-03 21:00:00'),
(4172,50,5,'2024-12-03 21:00:00'),
(4173,50,6,'2024-12-03 21:00:00'),
(4174,50,7,'2024-12-03 21:00:00'),
(4175,50,8,'2024-12-03 21:00:00'),
(4176,50,10,'2024-12-03 21:00:00'),
(4177,50,11,'2024-12-03 21:00:00'),
(4178,50,3,'2024-12-03 22:00:00'),
(4179,50,4,'2024-12-03 22:00:00'),
(4180,50,5,'2024-12-03 22:00:00'),
(4181,50,6,'2024-12-03 22:00:00'),
(4182,50,7,'2024-12-03 22:00:00'),
(4183,50,8,'2024-12-03 22:00:00'),
(4184,50,10,'2024-12-03 22:00:00'),
(4185,50,11,'2024-12-03 22:00:00'),
(4186,50,3,'2024-12-03 23:00:00'),
(4187,50,4,'2024-12-03 23:00:00'),
(4188,50,5,'2024-12-03 23:00:00'),
(4189,50,6,'2024-12-03 23:00:00'),
(4190,50,7,'2024-12-03 23:00:00'),
(4191,50,8,'2024-12-03 23:00:00'),
(4192,50,10,'2024-12-03 23:00:00'),
(4193,50,11,'2024-12-03 23:00:00'),
(4194,50,3,'2024-12-04 00:00:00'),
(4195,50,4,'2024-12-04 00:00:00'),
(4196,50,5,'2024-12-04 00:00:00'),
(4197,50,6,'2024-12-04 00:00:00'),
(4198,50,7,'2024-12-04 00:00:00'),
(4199,50,8,'2024-12-04 00:00:00'),
(4200,50,10,'2024-12-04 00:00:00'),
(4201,50,11,'2024-12-04 00:00:00'),
(4202,50,3,'2024-12-04 01:00:00'),
(4203,50,4,'2024-12-04 01:00:00'),
(4204,50,5,'2024-12-04 01:00:00'),
(4205,50,6,'2024-12-04 01:00:00'),
(4206,50,7,'2024-12-04 01:00:00'),
(4207,50,8,'2024-12-04 01:00:00'),
(4208,50,10,'2024-12-04 01:00:00'),
(4209,50,11,'2024-12-04 01:00:00'),
(4210,50,3,'2024-12-04 02:00:00'),
(4211,50,4,'2024-12-04 02:00:00'),
(4212,50,5,'2024-12-04 02:00:00'),
(4213,50,6,'2024-12-04 02:00:00'),
(4214,50,7,'2024-12-04 02:00:00'),
(4215,50,8,'2024-12-04 02:00:00'),
(4216,50,10,'2024-12-04 02:00:00'),
(4217,50,11,'2024-12-04 02:00:00'),
(4218,50,3,'2024-12-04 03:00:00'),
(4219,50,4,'2024-12-04 03:00:00'),
(4220,50,5,'2024-12-04 03:00:00'),
(4221,50,6,'2024-12-04 03:00:00'),
(4222,50,7,'2024-12-04 03:00:00'),
(4223,50,8,'2024-12-04 03:00:00'),
(4224,50,10,'2024-12-04 03:00:00'),
(4225,50,11,'2024-12-04 03:00:00'),
(4226,50,3,'2024-12-04 04:00:00'),
(4227,50,4,'2024-12-04 04:00:00'),
(4228,50,5,'2024-12-04 04:00:00'),
(4229,50,6,'2024-12-04 04:00:00'),
(4230,50,7,'2024-12-04 04:00:00'),
(4231,50,8,'2024-12-04 04:00:00'),
(4232,50,10,'2024-12-04 04:00:00'),
(4233,50,11,'2024-12-04 04:00:00'),
(4234,50,3,'2024-12-04 05:00:00'),
(4235,50,4,'2024-12-04 05:00:00'),
(4236,50,5,'2024-12-04 05:00:00'),
(4237,50,6,'2024-12-04 05:00:00'),
(4238,50,7,'2024-12-04 05:00:00'),
(4239,50,8,'2024-12-04 05:00:00'),
(4240,50,10,'2024-12-04 05:00:00'),
(4241,50,11,'2024-12-04 05:00:00'),
(4242,50,3,'2024-12-04 06:00:00'),
(4243,50,4,'2024-12-04 06:00:00'),
(4244,50,5,'2024-12-04 06:00:00'),
(4245,50,6,'2024-12-04 06:00:00'),
(4246,50,7,'2024-12-04 06:00:00'),
(4247,50,8,'2024-12-04 06:00:00'),
(4248,50,10,'2024-12-04 06:00:00'),
(4249,50,11,'2024-12-04 06:00:00'),
(4250,50,3,'2024-12-04 07:00:00'),
(4251,50,4,'2024-12-04 07:00:00'),
(4252,50,5,'2024-12-04 07:00:00'),
(4253,50,6,'2024-12-04 07:00:00'),
(4254,50,7,'2024-12-04 07:00:00'),
(4255,50,8,'2024-12-04 07:00:00'),
(4256,50,10,'2024-12-04 07:00:00'),
(4257,50,11,'2024-12-04 07:00:00'),
(4258,50,3,'2024-12-04 08:00:00'),
(4259,50,4,'2024-12-04 08:00:00'),
(4260,50,5,'2024-12-04 08:00:00'),
(4261,50,6,'2024-12-04 08:00:00'),
(4262,50,7,'2024-12-04 08:00:00'),
(4263,50,8,'2024-12-04 08:00:00'),
(4264,50,10,'2024-12-04 08:00:00'),
(4265,50,11,'2024-12-04 08:00:00'),
(4266,50,3,'2024-12-04 09:00:00'),
(4267,50,4,'2024-12-04 09:00:00'),
(4268,50,5,'2024-12-04 09:00:00'),
(4269,50,6,'2024-12-04 09:00:00'),
(4270,50,7,'2024-12-04 09:00:00'),
(4271,50,8,'2024-12-04 09:00:00'),
(4272,50,10,'2024-12-04 09:00:00'),
(4273,50,11,'2024-12-04 09:00:00'),
(4274,50,3,'2024-12-04 10:00:00'),
(4275,50,4,'2024-12-04 10:00:00'),
(4276,50,5,'2024-12-04 10:00:00'),
(4277,50,6,'2024-12-04 10:00:00'),
(4278,50,7,'2024-12-04 10:00:00'),
(4279,50,8,'2024-12-04 10:00:00'),
(4280,50,10,'2024-12-04 10:00:00'),
(4281,50,11,'2024-12-04 10:00:00'),
(4282,50,3,'2024-12-04 11:00:00'),
(4283,50,4,'2024-12-04 11:00:00'),
(4284,50,5,'2024-12-04 11:00:00'),
(4285,50,6,'2024-12-04 11:00:00'),
(4286,50,7,'2024-12-04 11:00:00'),
(4287,50,8,'2024-12-04 11:00:00'),
(4288,50,10,'2024-12-04 11:00:00'),
(4289,50,11,'2024-12-04 11:00:00'),
(4290,50,3,'2024-12-04 12:00:00'),
(4291,50,4,'2024-12-04 12:00:00'),
(4292,50,5,'2024-12-04 12:00:00'),
(4293,50,6,'2024-12-04 12:00:00'),
(4294,50,7,'2024-12-04 12:00:00'),
(4295,50,8,'2024-12-04 12:00:00'),
(4296,50,10,'2024-12-04 12:00:00'),
(4297,50,11,'2024-12-04 12:00:00'),
(4298,50,3,'2024-12-04 13:00:00'),
(4299,50,4,'2024-12-04 13:00:00'),
(4300,50,5,'2024-12-04 13:00:00'),
(4301,50,6,'2024-12-04 13:00:00'),
(4302,50,7,'2024-12-04 13:00:00'),
(4303,50,8,'2024-12-04 13:00:00'),
(4304,50,10,'2024-12-04 13:00:00'),
(4305,50,11,'2024-12-04 13:00:00'),
(4306,50,3,'2024-12-04 14:00:00'),
(4307,50,4,'2024-12-04 14:00:00'),
(4308,50,5,'2024-12-04 14:00:00'),
(4309,50,6,'2024-12-04 14:00:00'),
(4310,50,7,'2024-12-04 14:00:00'),
(4311,50,8,'2024-12-04 14:00:00'),
(4312,50,10,'2024-12-04 14:00:00'),
(4313,50,11,'2024-12-04 14:00:00'),
(4314,50,3,'2024-12-04 15:00:00'),
(4315,50,4,'2024-12-04 15:00:00'),
(4316,50,5,'2024-12-04 15:00:00'),
(4317,50,6,'2024-12-04 15:00:00'),
(4318,50,7,'2024-12-04 15:00:00'),
(4319,50,8,'2024-12-04 15:00:00'),
(4320,50,10,'2024-12-04 15:00:00'),
(4321,50,11,'2024-12-04 15:00:00'),
(4322,50,3,'2024-12-04 16:00:00'),
(4323,50,4,'2024-12-04 16:00:00'),
(4324,50,5,'2024-12-04 16:00:00'),
(4325,50,6,'2024-12-04 16:00:00'),
(4326,50,7,'2024-12-04 16:00:00'),
(4327,50,8,'2024-12-04 16:00:00'),
(4328,50,10,'2024-12-04 16:00:00'),
(4329,50,11,'2024-12-04 16:00:00'),
(4330,50,3,'2024-12-04 17:00:00'),
(4331,50,4,'2024-12-04 17:00:00'),
(4332,50,5,'2024-12-04 17:00:00'),
(4333,50,6,'2024-12-04 17:00:00'),
(4334,50,7,'2024-12-04 17:00:00'),
(4335,50,8,'2024-12-04 17:00:00'),
(4336,50,10,'2024-12-04 17:00:00'),
(4337,50,11,'2024-12-04 17:00:00'),
(4338,50,3,'2024-12-04 18:00:00'),
(4339,50,4,'2024-12-04 18:00:00'),
(4340,50,5,'2024-12-04 18:00:00'),
(4341,50,6,'2024-12-04 18:00:00'),
(4342,50,7,'2024-12-04 18:00:00'),
(4343,50,8,'2024-12-04 18:00:00'),
(4344,50,10,'2024-12-04 18:00:00'),
(4345,50,11,'2024-12-04 18:00:00'),
(4346,50,3,'2024-12-04 19:00:00'),
(4347,50,4,'2024-12-04 19:00:00'),
(4348,50,5,'2024-12-04 19:00:00'),
(4349,50,6,'2024-12-04 19:00:00'),
(4350,50,7,'2024-12-04 19:00:00'),
(4351,50,8,'2024-12-04 19:00:00'),
(4352,50,10,'2024-12-04 19:00:00'),
(4353,50,11,'2024-12-04 19:00:00'),
(4354,50,3,'2024-12-04 20:00:00'),
(4355,50,4,'2024-12-04 20:00:00'),
(4356,50,5,'2024-12-04 20:00:00'),
(4357,50,6,'2024-12-04 20:00:00'),
(4358,50,7,'2024-12-04 20:00:00'),
(4359,50,8,'2024-12-04 20:00:00'),
(4360,50,10,'2024-12-04 20:00:00'),
(4361,50,11,'2024-12-04 20:00:00'),
(4362,50,3,'2024-12-04 21:00:00'),
(4363,50,4,'2024-12-04 21:00:00'),
(4364,50,5,'2024-12-04 21:00:00'),
(4365,50,6,'2024-12-04 21:00:00'),
(4366,50,7,'2024-12-04 21:00:00'),
(4367,50,8,'2024-12-04 21:00:00'),
(4368,50,10,'2024-12-04 21:00:00'),
(4369,50,11,'2024-12-04 21:00:00'),
(4370,50,3,'2024-12-04 22:00:00'),
(4371,50,4,'2024-12-04 22:00:00'),
(4372,50,5,'2024-12-04 22:00:00'),
(4373,50,6,'2024-12-04 22:00:00'),
(4374,50,7,'2024-12-04 22:00:00'),
(4375,50,8,'2024-12-04 22:00:00'),
(4376,50,10,'2024-12-04 22:00:00'),
(4377,50,11,'2024-12-04 22:00:00'),
(4378,50,3,'2024-12-04 23:00:00'),
(4379,50,4,'2024-12-04 23:00:00'),
(4380,50,5,'2024-12-04 23:00:00'),
(4381,50,6,'2024-12-04 23:00:00'),
(4382,50,7,'2024-12-04 23:00:00'),
(4383,50,8,'2024-12-04 23:00:00'),
(4384,50,10,'2024-12-04 23:00:00'),
(4385,50,11,'2024-12-04 23:00:00'),
(4386,50,3,'2024-12-05 00:00:00'),
(4387,50,4,'2024-12-05 00:00:00'),
(4388,50,5,'2024-12-05 00:00:00'),
(4389,50,6,'2024-12-05 00:00:00'),
(4390,50,7,'2024-12-05 00:00:00'),
(4391,50,8,'2024-12-05 00:00:00'),
(4392,50,10,'2024-12-05 00:00:00'),
(4393,50,11,'2024-12-05 00:00:00'),
(4394,50,3,'2024-12-05 01:00:00'),
(4395,50,4,'2024-12-05 01:00:00'),
(4396,50,5,'2024-12-05 01:00:00'),
(4397,50,6,'2024-12-05 01:00:00'),
(4398,50,7,'2024-12-05 01:00:00'),
(4399,50,8,'2024-12-05 01:00:00'),
(4400,50,10,'2024-12-05 01:00:00'),
(4401,50,11,'2024-12-05 01:00:00'),
(4402,50,3,'2024-12-05 02:00:00'),
(4403,50,4,'2024-12-05 02:00:00'),
(4404,50,5,'2024-12-05 02:00:00'),
(4405,50,6,'2024-12-05 02:00:00'),
(4406,50,7,'2024-12-05 02:00:00'),
(4407,50,8,'2024-12-05 02:00:00'),
(4408,50,10,'2024-12-05 02:00:00'),
(4409,50,11,'2024-12-05 02:00:00'),
(4410,50,3,'2024-12-05 03:00:00'),
(4411,50,4,'2024-12-05 03:00:00'),
(4412,50,5,'2024-12-05 03:00:00'),
(4413,50,6,'2024-12-05 03:00:00'),
(4414,50,7,'2024-12-05 03:00:00'),
(4415,50,8,'2024-12-05 03:00:00'),
(4416,50,10,'2024-12-05 03:00:00'),
(4417,50,11,'2024-12-05 03:00:00'),
(4418,50,3,'2024-12-05 04:00:00'),
(4419,50,4,'2024-12-05 04:00:00'),
(4420,50,5,'2024-12-05 04:00:00'),
(4421,50,6,'2024-12-05 04:00:00'),
(4422,50,7,'2024-12-05 04:00:00'),
(4423,50,8,'2024-12-05 04:00:00'),
(4424,50,10,'2024-12-05 04:00:00'),
(4425,50,11,'2024-12-05 04:00:00'),
(4426,50,3,'2024-12-05 05:00:00'),
(4427,50,4,'2024-12-05 05:00:00'),
(4428,50,5,'2024-12-05 05:00:00'),
(4429,50,6,'2024-12-05 05:00:00'),
(4430,50,7,'2024-12-05 05:00:00'),
(4431,50,8,'2024-12-05 05:00:00'),
(4432,50,10,'2024-12-05 05:00:00'),
(4433,50,11,'2024-12-05 05:00:00'),
(4434,50,3,'2024-12-05 06:00:00'),
(4435,50,4,'2024-12-05 06:00:00'),
(4436,50,5,'2024-12-05 06:00:00'),
(4437,50,6,'2024-12-05 06:00:00'),
(4438,50,7,'2024-12-05 06:00:00'),
(4439,50,8,'2024-12-05 06:00:00'),
(4440,50,10,'2024-12-05 06:00:00'),
(4441,50,11,'2024-12-05 06:00:00'),
(4442,50,3,'2024-12-05 07:00:00'),
(4443,50,4,'2024-12-05 07:00:00'),
(4444,50,5,'2024-12-05 07:00:00'),
(4445,50,6,'2024-12-05 07:00:00'),
(4446,50,7,'2024-12-05 07:00:00'),
(4447,50,8,'2024-12-05 07:00:00'),
(4448,50,10,'2024-12-05 07:00:00'),
(4449,50,11,'2024-12-05 07:00:00'),
(4450,50,3,'2024-12-05 08:00:00'),
(4451,50,4,'2024-12-05 08:00:00'),
(4452,50,5,'2024-12-05 08:00:00'),
(4453,50,6,'2024-12-05 08:00:00'),
(4454,50,7,'2024-12-05 08:00:00'),
(4455,50,8,'2024-12-05 08:00:00'),
(4456,50,10,'2024-12-05 08:00:00'),
(4457,50,11,'2024-12-05 08:00:00'),
(4458,50,3,'2024-12-05 09:00:00'),
(4459,50,4,'2024-12-05 09:00:00'),
(4460,50,5,'2024-12-05 09:00:00'),
(4461,50,6,'2024-12-05 09:00:00'),
(4462,50,7,'2024-12-05 09:00:00'),
(4463,50,8,'2024-12-05 09:00:00'),
(4464,50,10,'2024-12-05 09:00:00'),
(4465,50,11,'2024-12-05 09:00:00'),
(4466,50,3,'2024-12-05 10:00:00'),
(4467,50,4,'2024-12-05 10:00:00'),
(4468,50,5,'2024-12-05 10:00:00'),
(4469,50,6,'2024-12-05 10:00:00'),
(4470,50,7,'2024-12-05 10:00:00'),
(4471,50,8,'2024-12-05 10:00:00'),
(4472,50,10,'2024-12-05 10:00:00'),
(4473,50,11,'2024-12-05 10:00:00'),
(4474,50,3,'2024-12-05 11:00:00'),
(4475,50,4,'2024-12-05 11:00:00'),
(4476,50,5,'2024-12-05 11:00:00'),
(4477,50,6,'2024-12-05 11:00:00'),
(4478,50,7,'2024-12-05 11:00:00'),
(4479,50,8,'2024-12-05 11:00:00'),
(4480,50,10,'2024-12-05 11:00:00'),
(4481,50,11,'2024-12-05 11:00:00'),
(4482,50,3,'2024-12-05 12:00:00'),
(4483,50,4,'2024-12-05 12:00:00'),
(4484,50,5,'2024-12-05 12:00:00'),
(4485,50,6,'2024-12-05 12:00:00'),
(4486,50,7,'2024-12-05 12:00:00'),
(4487,50,8,'2024-12-05 12:00:00'),
(4488,50,10,'2024-12-05 12:00:00'),
(4489,50,11,'2024-12-05 12:00:00'),
(4490,50,3,'2024-12-05 13:00:00'),
(4491,50,4,'2024-12-05 13:00:00'),
(4492,50,5,'2024-12-05 13:00:00'),
(4493,50,6,'2024-12-05 13:00:00'),
(4494,50,7,'2024-12-05 13:00:00'),
(4495,50,8,'2024-12-05 13:00:00'),
(4496,50,10,'2024-12-05 13:00:00'),
(4497,50,11,'2024-12-05 13:00:00'),
(4498,50,3,'2024-12-05 14:00:00'),
(4499,50,4,'2024-12-05 14:00:00'),
(4500,50,5,'2024-12-05 14:00:00'),
(4501,50,6,'2024-12-05 14:00:00'),
(4502,50,7,'2024-12-05 14:00:00'),
(4503,50,8,'2024-12-05 14:00:00'),
(4504,50,10,'2024-12-05 14:00:00'),
(4505,50,11,'2024-12-05 14:00:00'),
(4506,50,3,'2024-12-05 15:00:00'),
(4507,50,4,'2024-12-05 15:00:00'),
(4508,50,5,'2024-12-05 15:00:00'),
(4509,50,6,'2024-12-05 15:00:00'),
(4510,50,7,'2024-12-05 15:00:00'),
(4511,50,8,'2024-12-05 15:00:00'),
(4512,50,10,'2024-12-05 15:00:00'),
(4513,50,11,'2024-12-05 15:00:00'),
(4514,50,3,'2024-12-05 16:00:00'),
(4515,50,4,'2024-12-05 16:00:00'),
(4516,50,5,'2024-12-05 16:00:00'),
(4517,50,6,'2024-12-05 16:00:00'),
(4518,50,7,'2024-12-05 16:00:00'),
(4519,50,8,'2024-12-05 16:00:00'),
(4520,50,10,'2024-12-05 16:00:00'),
(4521,50,11,'2024-12-05 16:00:00'),
(4522,50,3,'2024-12-05 17:00:00'),
(4523,50,4,'2024-12-05 17:00:00'),
(4524,50,5,'2024-12-05 17:00:00'),
(4525,50,6,'2024-12-05 17:00:00'),
(4526,50,7,'2024-12-05 17:00:00'),
(4527,50,8,'2024-12-05 17:00:00'),
(4528,50,10,'2024-12-05 17:00:00'),
(4529,50,11,'2024-12-05 17:00:00'),
(4530,50,3,'2024-12-05 18:00:00'),
(4531,50,4,'2024-12-05 18:00:00'),
(4532,50,5,'2024-12-05 18:00:00'),
(4533,50,6,'2024-12-05 18:00:00'),
(4534,50,7,'2024-12-05 18:00:00'),
(4535,50,8,'2024-12-05 18:00:00'),
(4536,50,10,'2024-12-05 18:00:00'),
(4537,50,11,'2024-12-05 18:00:00'),
(4538,50,3,'2024-12-05 19:00:00'),
(4539,50,4,'2024-12-05 19:00:00'),
(4540,50,5,'2024-12-05 19:00:00'),
(4541,50,6,'2024-12-05 19:00:00'),
(4542,50,7,'2024-12-05 19:00:00'),
(4543,50,8,'2024-12-05 19:00:00'),
(4544,50,10,'2024-12-05 19:00:00'),
(4545,50,11,'2024-12-05 19:00:00'),
(4546,50,3,'2024-12-05 20:00:00'),
(4547,50,4,'2024-12-05 20:00:00'),
(4548,50,5,'2024-12-05 20:00:00'),
(4549,50,6,'2024-12-05 20:00:00'),
(4550,50,7,'2024-12-05 20:00:00'),
(4551,50,8,'2024-12-05 20:00:00'),
(4552,50,10,'2024-12-05 20:00:00'),
(4553,50,11,'2024-12-05 20:00:00'),
(4554,50,3,'2024-12-05 21:00:00'),
(4555,50,4,'2024-12-05 21:00:00'),
(4556,50,5,'2024-12-05 21:00:00'),
(4557,50,6,'2024-12-05 21:00:00'),
(4558,50,7,'2024-12-05 21:00:00'),
(4559,50,8,'2024-12-05 21:00:00'),
(4560,50,10,'2024-12-05 21:00:00'),
(4561,50,11,'2024-12-05 21:00:00'),
(4562,50,3,'2024-12-05 22:00:00'),
(4563,50,4,'2024-12-05 22:00:00'),
(4564,50,5,'2024-12-05 22:00:00'),
(4565,50,6,'2024-12-05 22:00:00'),
(4566,50,7,'2024-12-05 22:00:00'),
(4567,50,8,'2024-12-05 22:00:00'),
(4568,50,10,'2024-12-05 22:00:00'),
(4569,50,11,'2024-12-05 22:00:00'),
(4570,50,3,'2024-12-05 23:00:00'),
(4571,50,4,'2024-12-05 23:00:00'),
(4572,50,5,'2024-12-05 23:00:00'),
(4573,50,6,'2024-12-05 23:00:00'),
(4574,50,7,'2024-12-05 23:00:00'),
(4575,50,8,'2024-12-05 23:00:00'),
(4576,50,10,'2024-12-05 23:00:00'),
(4577,50,11,'2024-12-05 23:00:00'),
(4578,50,3,'2024-12-06 00:00:00'),
(4579,50,4,'2024-12-06 00:00:00'),
(4580,50,5,'2024-12-06 00:00:00'),
(4581,50,6,'2024-12-06 00:00:00'),
(4582,50,7,'2024-12-06 00:00:00'),
(4583,50,8,'2024-12-06 00:00:00'),
(4584,50,10,'2024-12-06 00:00:00'),
(4585,50,11,'2024-12-06 00:00:00'),
(4586,50,3,'2024-12-06 01:00:00'),
(4587,50,4,'2024-12-06 01:00:00'),
(4588,50,5,'2024-12-06 01:00:00'),
(4589,50,6,'2024-12-06 01:00:00'),
(4590,50,7,'2024-12-06 01:00:00'),
(4591,50,8,'2024-12-06 01:00:00'),
(4592,50,10,'2024-12-06 01:00:00'),
(4593,50,11,'2024-12-06 01:00:00'),
(4594,50,3,'2024-12-06 02:00:00'),
(4595,50,4,'2024-12-06 02:00:00'),
(4596,50,5,'2024-12-06 02:00:00'),
(4597,50,6,'2024-12-06 02:00:00'),
(4598,50,7,'2024-12-06 02:00:00'),
(4599,50,8,'2024-12-06 02:00:00'),
(4600,50,10,'2024-12-06 02:00:00'),
(4601,50,11,'2024-12-06 02:00:00'),
(4602,50,3,'2024-12-06 03:00:00'),
(4603,50,4,'2024-12-06 03:00:00'),
(4604,50,5,'2024-12-06 03:00:00'),
(4605,50,6,'2024-12-06 03:00:00'),
(4606,50,7,'2024-12-06 03:00:00'),
(4607,50,8,'2024-12-06 03:00:00'),
(4608,50,10,'2024-12-06 03:00:00'),
(4609,50,11,'2024-12-06 03:00:00'),
(4610,50,3,'2024-12-06 04:00:00'),
(4611,50,4,'2024-12-06 04:00:00'),
(4612,50,5,'2024-12-06 04:00:00'),
(4613,50,6,'2024-12-06 04:00:00'),
(4614,50,7,'2024-12-06 04:00:00'),
(4615,50,8,'2024-12-06 04:00:00'),
(4616,50,10,'2024-12-06 04:00:00'),
(4617,50,11,'2024-12-06 04:00:00'),
(4618,50,3,'2024-12-06 05:00:00'),
(4619,50,4,'2024-12-06 05:00:00'),
(4620,50,5,'2024-12-06 05:00:00'),
(4621,50,6,'2024-12-06 05:00:00'),
(4622,50,7,'2024-12-06 05:00:00'),
(4623,50,8,'2024-12-06 05:00:00'),
(4624,50,10,'2024-12-06 05:00:00'),
(4625,50,11,'2024-12-06 05:00:00'),
(4626,50,3,'2024-12-06 06:00:00'),
(4627,50,4,'2024-12-06 06:00:00'),
(4628,50,5,'2024-12-06 06:00:00'),
(4629,50,6,'2024-12-06 06:00:00'),
(4630,50,7,'2024-12-06 06:00:00'),
(4631,50,8,'2024-12-06 06:00:00'),
(4632,50,10,'2024-12-06 06:00:00'),
(4633,50,11,'2024-12-06 06:00:00'),
(4634,50,3,'2024-12-06 07:00:00'),
(4635,50,4,'2024-12-06 07:00:00'),
(4636,50,5,'2024-12-06 07:00:00'),
(4637,50,6,'2024-12-06 07:00:00'),
(4638,50,7,'2024-12-06 07:00:00'),
(4639,50,8,'2024-12-06 07:00:00'),
(4640,50,10,'2024-12-06 07:00:00'),
(4641,50,11,'2024-12-06 07:00:00'),
(4642,50,3,'2024-12-06 08:00:00'),
(4643,50,4,'2024-12-06 08:00:00'),
(4644,50,5,'2024-12-06 08:00:00'),
(4645,50,6,'2024-12-06 08:00:00'),
(4646,50,7,'2024-12-06 08:00:00'),
(4647,50,8,'2024-12-06 08:00:00'),
(4648,50,10,'2024-12-06 08:00:00'),
(4649,50,11,'2024-12-06 08:00:00'),
(4650,50,3,'2024-12-06 09:00:00'),
(4651,50,4,'2024-12-06 09:00:00'),
(4652,50,5,'2024-12-06 09:00:00'),
(4653,50,6,'2024-12-06 09:00:00'),
(4654,50,7,'2024-12-06 09:00:00'),
(4655,50,8,'2024-12-06 09:00:00'),
(4656,50,10,'2024-12-06 09:00:00'),
(4657,50,11,'2024-12-06 09:00:00'),
(4658,50,3,'2024-12-06 10:00:00'),
(4659,50,4,'2024-12-06 10:00:00'),
(4660,50,5,'2024-12-06 10:00:00'),
(4661,50,6,'2024-12-06 10:00:00'),
(4662,50,7,'2024-12-06 10:00:00'),
(4663,50,8,'2024-12-06 10:00:00'),
(4664,50,10,'2024-12-06 10:00:00'),
(4665,50,11,'2024-12-06 10:00:00'),
(4666,50,3,'2024-12-06 11:00:00'),
(4667,50,4,'2024-12-06 11:00:00'),
(4668,50,5,'2024-12-06 11:00:00'),
(4669,50,6,'2024-12-06 11:00:00'),
(4670,50,7,'2024-12-06 11:00:00'),
(4671,50,8,'2024-12-06 11:00:00'),
(4672,50,10,'2024-12-06 11:00:00'),
(4673,50,11,'2024-12-06 11:00:00'),
(4674,50,3,'2024-12-06 12:00:00'),
(4675,50,4,'2024-12-06 12:00:00'),
(4676,50,5,'2024-12-06 12:00:00'),
(4677,50,6,'2024-12-06 12:00:00'),
(4678,50,7,'2024-12-06 12:00:00'),
(4679,50,8,'2024-12-06 12:00:00'),
(4680,50,10,'2024-12-06 12:00:00'),
(4681,50,11,'2024-12-06 12:00:00'),
(4682,50,3,'2024-12-06 13:00:00'),
(4683,50,4,'2024-12-06 13:00:00'),
(4684,50,5,'2024-12-06 13:00:00'),
(4685,50,6,'2024-12-06 13:00:00'),
(4686,50,7,'2024-12-06 13:00:00'),
(4687,50,8,'2024-12-06 13:00:00'),
(4688,50,10,'2024-12-06 13:00:00'),
(4689,50,11,'2024-12-06 13:00:00'),
(4690,50,3,'2024-12-06 14:00:00'),
(4691,50,4,'2024-12-06 14:00:00'),
(4692,50,5,'2024-12-06 14:00:00'),
(4693,50,6,'2024-12-06 14:00:00'),
(4694,50,7,'2024-12-06 14:00:00'),
(4695,50,8,'2024-12-06 14:00:00'),
(4696,50,10,'2024-12-06 14:00:00'),
(4697,50,11,'2024-12-06 14:00:00'),
(4698,50,3,'2024-12-06 15:00:00'),
(4699,50,4,'2024-12-06 15:00:00'),
(4700,50,5,'2024-12-06 15:00:00'),
(4701,50,6,'2024-12-06 15:00:00'),
(4702,50,7,'2024-12-06 15:00:00'),
(4703,50,8,'2024-12-06 15:00:00'),
(4704,50,10,'2024-12-06 15:00:00'),
(4705,50,11,'2024-12-06 15:00:00'),
(4706,50,3,'2024-12-06 16:00:00'),
(4707,50,4,'2024-12-06 16:00:00'),
(4708,50,5,'2024-12-06 16:00:00'),
(4709,50,6,'2024-12-06 16:00:00'),
(4710,50,7,'2024-12-06 16:00:00'),
(4711,50,8,'2024-12-06 16:00:00'),
(4712,50,10,'2024-12-06 16:00:00'),
(4713,50,11,'2024-12-06 16:00:00'),
(4714,50,3,'2024-12-06 17:00:00'),
(4715,50,4,'2024-12-06 17:00:00'),
(4716,50,5,'2024-12-06 17:00:00'),
(4717,50,6,'2024-12-06 17:00:00'),
(4718,50,7,'2024-12-06 17:00:00'),
(4719,50,8,'2024-12-06 17:00:00'),
(4720,50,10,'2024-12-06 17:00:00'),
(4721,50,11,'2024-12-06 17:00:00'),
(4722,50,3,'2024-12-06 18:00:00'),
(4723,50,4,'2024-12-06 18:00:00'),
(4724,50,5,'2024-12-06 18:00:00'),
(4725,50,6,'2024-12-06 18:00:00'),
(4726,50,7,'2024-12-06 18:00:00'),
(4727,50,8,'2024-12-06 18:00:00'),
(4728,50,10,'2024-12-06 18:00:00'),
(4729,50,11,'2024-12-06 18:00:00'),
(4730,50,3,'2024-12-06 19:00:00'),
(4731,50,4,'2024-12-06 19:00:00'),
(4732,50,5,'2024-12-06 19:00:00'),
(4733,50,6,'2024-12-06 19:00:00'),
(4734,50,7,'2024-12-06 19:00:00'),
(4735,50,8,'2024-12-06 19:00:00'),
(4736,50,10,'2024-12-06 19:00:00'),
(4737,50,11,'2024-12-06 19:00:00'),
(4738,50,3,'2024-12-06 20:00:00'),
(4739,50,4,'2024-12-06 20:00:00'),
(4740,50,5,'2024-12-06 20:00:00'),
(4741,50,6,'2024-12-06 20:00:00'),
(4742,50,7,'2024-12-06 20:00:00'),
(4743,50,8,'2024-12-06 20:00:00'),
(4744,50,10,'2024-12-06 20:00:00'),
(4745,50,11,'2024-12-06 20:00:00'),
(4746,50,3,'2024-12-06 21:00:00'),
(4747,50,4,'2024-12-06 21:00:00'),
(4748,50,5,'2024-12-06 21:00:00'),
(4749,50,6,'2024-12-06 21:00:00'),
(4750,50,7,'2024-12-06 21:00:00'),
(4751,50,8,'2024-12-06 21:00:00'),
(4752,50,10,'2024-12-06 21:00:00'),
(4753,50,11,'2024-12-06 21:00:00'),
(4754,50,3,'2024-12-06 22:00:00'),
(4755,50,4,'2024-12-06 22:00:00'),
(4756,50,5,'2024-12-06 22:00:00'),
(4757,50,6,'2024-12-06 22:00:00'),
(4758,50,7,'2024-12-06 22:00:00'),
(4759,50,8,'2024-12-06 22:00:00'),
(4760,50,10,'2024-12-06 22:00:00'),
(4761,50,11,'2024-12-06 22:00:00'),
(4762,50,3,'2024-12-06 23:00:00'),
(4763,50,4,'2024-12-06 23:00:00'),
(4764,50,5,'2024-12-06 23:00:00'),
(4765,50,6,'2024-12-06 23:00:00'),
(4766,50,7,'2024-12-06 23:00:00'),
(4767,50,8,'2024-12-06 23:00:00'),
(4768,50,10,'2024-12-06 23:00:00'),
(4769,50,11,'2024-12-06 23:00:00'),
(4770,50,3,'2024-12-07 00:00:00'),
(4771,50,4,'2024-12-07 00:00:00'),
(4772,50,5,'2024-12-07 00:00:00'),
(4773,50,6,'2024-12-07 00:00:00'),
(4774,50,7,'2024-12-07 00:00:00'),
(4775,50,8,'2024-12-07 00:00:00'),
(4776,50,10,'2024-12-07 00:00:00'),
(4777,50,11,'2024-12-07 00:00:00'),
(4778,50,3,'2024-12-07 01:00:00'),
(4779,50,4,'2024-12-07 01:00:00'),
(4780,50,5,'2024-12-07 01:00:00'),
(4781,50,6,'2024-12-07 01:00:00'),
(4782,50,7,'2024-12-07 01:00:00'),
(4783,50,8,'2024-12-07 01:00:00'),
(4784,50,10,'2024-12-07 01:00:00'),
(4785,50,11,'2024-12-07 01:00:00'),
(4786,50,3,'2024-12-07 02:00:00'),
(4787,50,4,'2024-12-07 02:00:00'),
(4788,50,5,'2024-12-07 02:00:00'),
(4789,50,6,'2024-12-07 02:00:00'),
(4790,50,7,'2024-12-07 02:00:00'),
(4791,50,8,'2024-12-07 02:00:00'),
(4792,50,10,'2024-12-07 02:00:00'),
(4793,50,11,'2024-12-07 02:00:00'),
(4794,50,3,'2024-12-07 03:00:00'),
(4795,50,4,'2024-12-07 03:00:00'),
(4796,50,5,'2024-12-07 03:00:00'),
(4797,50,6,'2024-12-07 03:00:00'),
(4798,50,7,'2024-12-07 03:00:00'),
(4799,50,8,'2024-12-07 03:00:00'),
(4800,50,10,'2024-12-07 03:00:00'),
(4801,50,11,'2024-12-07 03:00:00'),
(4802,50,3,'2024-12-07 04:00:00'),
(4803,50,4,'2024-12-07 04:00:00'),
(4804,50,5,'2024-12-07 04:00:00'),
(4805,50,6,'2024-12-07 04:00:00'),
(4806,50,7,'2024-12-07 04:00:00'),
(4807,50,8,'2024-12-07 04:00:00'),
(4808,50,10,'2024-12-07 04:00:00'),
(4809,50,11,'2024-12-07 04:00:00'),
(4810,50,3,'2024-12-07 05:00:00'),
(4811,50,4,'2024-12-07 05:00:00'),
(4812,50,5,'2024-12-07 05:00:00'),
(4813,50,6,'2024-12-07 05:00:00'),
(4814,50,7,'2024-12-07 05:00:00'),
(4815,50,8,'2024-12-07 05:00:00'),
(4816,50,10,'2024-12-07 05:00:00'),
(4817,50,11,'2024-12-07 05:00:00'),
(4818,50,3,'2024-12-07 06:00:00'),
(4819,50,4,'2024-12-07 06:00:00'),
(4820,50,5,'2024-12-07 06:00:00'),
(4821,50,6,'2024-12-07 06:00:00'),
(4822,50,7,'2024-12-07 06:00:00'),
(4823,50,8,'2024-12-07 06:00:00'),
(4824,50,10,'2024-12-07 06:00:00'),
(4825,50,11,'2024-12-07 06:00:00'),
(4826,50,3,'2024-12-07 07:00:00'),
(4827,50,4,'2024-12-07 07:00:00'),
(4828,50,5,'2024-12-07 07:00:00'),
(4829,50,6,'2024-12-07 07:00:00'),
(4830,50,7,'2024-12-07 07:00:00'),
(4831,50,8,'2024-12-07 07:00:00'),
(4832,50,10,'2024-12-07 07:00:00'),
(4833,50,11,'2024-12-07 07:00:00'),
(4834,50,3,'2024-12-07 08:00:00'),
(4835,50,4,'2024-12-07 08:00:00'),
(4836,50,5,'2024-12-07 08:00:00'),
(4837,50,6,'2024-12-07 08:00:00'),
(4838,50,7,'2024-12-07 08:00:00'),
(4839,50,8,'2024-12-07 08:00:00'),
(4840,50,10,'2024-12-07 08:00:00'),
(4841,50,11,'2024-12-07 08:00:00'),
(4842,50,3,'2024-12-07 09:00:00'),
(4843,50,4,'2024-12-07 09:00:00'),
(4844,50,5,'2024-12-07 09:00:00'),
(4845,50,6,'2024-12-07 09:00:00'),
(4846,50,7,'2024-12-07 09:00:00'),
(4847,50,8,'2024-12-07 09:00:00'),
(4848,50,10,'2024-12-07 09:00:00'),
(4849,50,11,'2024-12-07 09:00:00'),
(4850,50,3,'2024-12-07 10:00:00'),
(4851,50,4,'2024-12-07 10:00:00'),
(4852,50,5,'2024-12-07 10:00:00'),
(4853,50,6,'2024-12-07 10:00:00'),
(4854,50,7,'2024-12-07 10:00:00'),
(4855,50,8,'2024-12-07 10:00:00'),
(4856,50,10,'2024-12-07 10:00:00'),
(4857,50,11,'2024-12-07 10:00:00'),
(4858,50,3,'2024-12-07 11:00:00'),
(4859,50,4,'2024-12-07 11:00:00'),
(4860,50,5,'2024-12-07 11:00:00'),
(4861,50,6,'2024-12-07 11:00:00'),
(4862,50,7,'2024-12-07 11:00:00'),
(4863,50,8,'2024-12-07 11:00:00'),
(4864,50,10,'2024-12-07 11:00:00'),
(4865,50,11,'2024-12-07 11:00:00'),
(4866,50,3,'2024-12-07 12:00:00'),
(4867,50,4,'2024-12-07 12:00:00'),
(4868,50,5,'2024-12-07 12:00:00'),
(4869,50,6,'2024-12-07 12:00:00'),
(4870,50,7,'2024-12-07 12:00:00'),
(4871,50,8,'2024-12-07 12:00:00'),
(4872,50,10,'2024-12-07 12:00:00'),
(4873,50,11,'2024-12-07 12:00:00'),
(4874,51,3,'2024-12-07 14:00:00'),
(4875,51,4,'2024-12-07 14:00:00'),
(4876,51,5,'2024-12-07 14:00:00'),
(4877,51,6,'2024-12-07 14:00:00'),
(4878,51,7,'2024-12-07 14:00:00'),
(4879,51,8,'2024-12-07 14:00:00'),
(4880,51,10,'2024-12-07 14:00:00'),
(4881,51,11,'2024-12-07 14:00:00'),
(4882,51,3,'2024-12-07 15:00:00'),
(4883,51,4,'2024-12-07 15:00:00'),
(4884,51,5,'2024-12-07 15:00:00'),
(4885,51,6,'2024-12-07 15:00:00'),
(4886,51,7,'2024-12-07 15:00:00'),
(4887,51,8,'2024-12-07 15:00:00'),
(4888,51,10,'2024-12-07 15:00:00'),
(4889,51,11,'2024-12-07 15:00:00'),
(4890,51,3,'2024-12-07 16:00:00'),
(4891,51,4,'2024-12-07 16:00:00'),
(4892,51,5,'2024-12-07 16:00:00'),
(4893,51,6,'2024-12-07 16:00:00'),
(4894,51,7,'2024-12-07 16:00:00'),
(4895,51,8,'2024-12-07 16:00:00'),
(4896,51,10,'2024-12-07 16:00:00'),
(4897,51,11,'2024-12-07 16:00:00'),
(4898,51,3,'2024-12-07 17:00:00'),
(4899,51,4,'2024-12-07 17:00:00'),
(4900,51,5,'2024-12-07 17:00:00'),
(4901,51,6,'2024-12-07 17:00:00'),
(4902,51,7,'2024-12-07 17:00:00'),
(4903,51,8,'2024-12-07 17:00:00'),
(4904,51,10,'2024-12-07 17:00:00'),
(4905,51,11,'2024-12-07 17:00:00'),
(4906,51,3,'2024-12-07 18:00:00'),
(4907,51,4,'2024-12-07 18:00:00'),
(4908,51,5,'2024-12-07 18:00:00'),
(4909,51,6,'2024-12-07 18:00:00'),
(4910,51,7,'2024-12-07 18:00:00'),
(4911,51,8,'2024-12-07 18:00:00'),
(4912,51,10,'2024-12-07 18:00:00'),
(4913,51,11,'2024-12-07 18:00:00'),
(4914,51,3,'2024-12-07 19:00:00'),
(4915,51,4,'2024-12-07 19:00:00'),
(4916,51,5,'2024-12-07 19:00:00'),
(4917,51,6,'2024-12-07 19:00:00'),
(4918,51,7,'2024-12-07 19:00:00'),
(4919,51,8,'2024-12-07 19:00:00'),
(4920,51,10,'2024-12-07 19:00:00'),
(4921,51,11,'2024-12-07 19:00:00'),
(4922,51,3,'2024-12-07 20:00:00'),
(4923,51,4,'2024-12-07 20:00:00'),
(4924,51,5,'2024-12-07 20:00:00'),
(4925,51,6,'2024-12-07 20:00:00'),
(4926,51,7,'2024-12-07 20:00:00'),
(4927,51,8,'2024-12-07 20:00:00'),
(4928,51,10,'2024-12-07 20:00:00'),
(4929,51,11,'2024-12-07 20:00:00'),
(4930,51,3,'2024-12-07 21:00:00'),
(4931,51,4,'2024-12-07 21:00:00'),
(4932,51,5,'2024-12-07 21:00:00'),
(4933,51,6,'2024-12-07 21:00:00'),
(4934,51,7,'2024-12-07 21:00:00'),
(4935,51,8,'2024-12-07 21:00:00'),
(4936,51,10,'2024-12-07 21:00:00'),
(4937,51,11,'2024-12-07 21:00:00'),
(4938,51,3,'2024-12-07 22:00:00'),
(4939,51,4,'2024-12-07 22:00:00'),
(4940,51,5,'2024-12-07 22:00:00'),
(4941,51,6,'2024-12-07 22:00:00'),
(4942,51,7,'2024-12-07 22:00:00'),
(4943,51,8,'2024-12-07 22:00:00'),
(4944,51,10,'2024-12-07 22:00:00'),
(4945,51,11,'2024-12-07 22:00:00'),
(4946,51,3,'2024-12-07 23:00:00'),
(4947,51,4,'2024-12-07 23:00:00'),
(4948,51,5,'2024-12-07 23:00:00'),
(4949,51,6,'2024-12-07 23:00:00'),
(4950,51,7,'2024-12-07 23:00:00'),
(4951,51,8,'2024-12-07 23:00:00'),
(4952,51,10,'2024-12-07 23:00:00'),
(4953,51,11,'2024-12-07 23:00:00'),
(4954,51,3,'2024-12-08 00:00:00'),
(4955,51,4,'2024-12-08 00:00:00'),
(4956,51,5,'2024-12-08 00:00:00'),
(4957,51,6,'2024-12-08 00:00:00'),
(4958,51,7,'2024-12-08 00:00:00'),
(4959,51,8,'2024-12-08 00:00:00'),
(4960,51,10,'2024-12-08 00:00:00'),
(4961,51,11,'2024-12-08 00:00:00'),
(4962,51,3,'2024-12-08 01:00:00'),
(4963,51,4,'2024-12-08 01:00:00'),
(4964,51,5,'2024-12-08 01:00:00'),
(4965,51,6,'2024-12-08 01:00:00'),
(4966,51,7,'2024-12-08 01:00:00'),
(4967,51,8,'2024-12-08 01:00:00'),
(4968,51,10,'2024-12-08 01:00:00'),
(4969,51,11,'2024-12-08 01:00:00'),
(4970,51,3,'2024-12-08 02:00:00'),
(4971,51,4,'2024-12-08 02:00:00'),
(4972,51,5,'2024-12-08 02:00:00'),
(4973,51,6,'2024-12-08 02:00:00'),
(4974,51,7,'2024-12-08 02:00:00'),
(4975,51,8,'2024-12-08 02:00:00'),
(4976,51,10,'2024-12-08 02:00:00'),
(4977,51,11,'2024-12-08 02:00:00'),
(4978,51,3,'2024-12-08 03:00:00'),
(4979,51,4,'2024-12-08 03:00:00'),
(4980,51,5,'2024-12-08 03:00:00'),
(4981,51,6,'2024-12-08 03:00:00'),
(4982,51,7,'2024-12-08 03:00:00'),
(4983,51,8,'2024-12-08 03:00:00'),
(4984,51,10,'2024-12-08 03:00:00'),
(4985,51,11,'2024-12-08 03:00:00'),
(4986,51,3,'2024-12-08 04:00:00'),
(4987,51,4,'2024-12-08 04:00:00'),
(4988,51,5,'2024-12-08 04:00:00'),
(4989,51,6,'2024-12-08 04:00:00'),
(4990,51,7,'2024-12-08 04:00:00'),
(4991,51,8,'2024-12-08 04:00:00'),
(4992,51,10,'2024-12-08 04:00:00'),
(4993,51,11,'2024-12-08 04:00:00'),
(4994,51,3,'2024-12-08 05:00:00'),
(4995,51,4,'2024-12-08 05:00:00'),
(4996,51,5,'2024-12-08 05:00:00'),
(4997,51,6,'2024-12-08 05:00:00'),
(4998,51,7,'2024-12-08 05:00:00'),
(4999,51,8,'2024-12-08 05:00:00'),
(5000,51,10,'2024-12-08 05:00:00'),
(5001,51,11,'2024-12-08 05:00:00'),
(5002,51,3,'2024-12-08 06:00:00'),
(5003,51,4,'2024-12-08 06:00:00'),
(5004,51,5,'2024-12-08 06:00:00'),
(5005,51,6,'2024-12-08 06:00:00'),
(5006,51,7,'2024-12-08 06:00:00'),
(5007,51,8,'2024-12-08 06:00:00'),
(5008,51,10,'2024-12-08 06:00:00'),
(5009,51,11,'2024-12-08 06:00:00'),
(5010,51,3,'2024-12-08 07:00:00'),
(5011,51,4,'2024-12-08 07:00:00'),
(5012,51,5,'2024-12-08 07:00:00'),
(5013,51,6,'2024-12-08 07:00:00'),
(5014,51,7,'2024-12-08 07:00:00'),
(5015,51,8,'2024-12-08 07:00:00'),
(5016,51,10,'2024-12-08 07:00:00'),
(5017,51,11,'2024-12-08 07:00:00'),
(5018,51,3,'2024-12-08 08:00:00'),
(5019,51,4,'2024-12-08 08:00:00'),
(5020,51,5,'2024-12-08 08:00:00'),
(5021,51,6,'2024-12-08 08:00:00'),
(5022,51,7,'2024-12-08 08:00:00'),
(5023,51,8,'2024-12-08 08:00:00'),
(5024,51,10,'2024-12-08 08:00:00'),
(5025,51,11,'2024-12-08 08:00:00'),
(5026,51,3,'2024-12-08 09:00:00'),
(5027,51,4,'2024-12-08 09:00:00'),
(5028,51,5,'2024-12-08 09:00:00'),
(5029,51,6,'2024-12-08 09:00:00'),
(5030,51,7,'2024-12-08 09:00:00'),
(5031,51,8,'2024-12-08 09:00:00'),
(5032,51,10,'2024-12-08 09:00:00'),
(5033,51,11,'2024-12-08 09:00:00'),
(5034,51,3,'2024-12-08 10:00:00'),
(5035,51,4,'2024-12-08 10:00:00'),
(5036,51,5,'2024-12-08 10:00:00'),
(5037,51,6,'2024-12-08 10:00:00'),
(5038,51,7,'2024-12-08 10:00:00'),
(5039,51,8,'2024-12-08 10:00:00'),
(5040,51,10,'2024-12-08 10:00:00'),
(5041,51,11,'2024-12-08 10:00:00'),
(5042,51,3,'2024-12-08 11:00:00'),
(5043,51,4,'2024-12-08 11:00:00'),
(5044,51,5,'2024-12-08 11:00:00'),
(5045,51,6,'2024-12-08 11:00:00'),
(5046,51,7,'2024-12-08 11:00:00'),
(5047,51,8,'2024-12-08 11:00:00'),
(5048,51,10,'2024-12-08 11:00:00'),
(5049,51,11,'2024-12-08 11:00:00'),
(5050,51,3,'2024-12-08 12:00:00'),
(5051,51,4,'2024-12-08 12:00:00'),
(5052,51,5,'2024-12-08 12:00:00'),
(5053,51,6,'2024-12-08 12:00:00'),
(5054,51,7,'2024-12-08 12:00:00'),
(5055,51,8,'2024-12-08 12:00:00'),
(5056,51,10,'2024-12-08 12:00:00'),
(5057,51,11,'2024-12-08 12:00:00'),
(5058,51,3,'2024-12-08 13:00:00'),
(5059,51,4,'2024-12-08 13:00:00'),
(5060,51,5,'2024-12-08 13:00:00'),
(5061,51,6,'2024-12-08 13:00:00'),
(5062,51,7,'2024-12-08 13:00:00'),
(5063,51,8,'2024-12-08 13:00:00'),
(5064,51,10,'2024-12-08 13:00:00'),
(5065,51,11,'2024-12-08 13:00:00'),
(5066,51,3,'2024-12-08 14:00:00'),
(5067,51,4,'2024-12-08 14:00:00'),
(5068,51,5,'2024-12-08 14:00:00'),
(5069,51,6,'2024-12-08 14:00:00'),
(5070,51,7,'2024-12-08 14:00:00'),
(5071,51,8,'2024-12-08 14:00:00'),
(5072,51,10,'2024-12-08 14:00:00'),
(5073,51,11,'2024-12-08 14:00:00'),
(5074,51,3,'2024-12-08 15:00:00'),
(5075,51,4,'2024-12-08 15:00:00'),
(5076,51,5,'2024-12-08 15:00:00'),
(5077,51,6,'2024-12-08 15:00:00'),
(5078,51,7,'2024-12-08 15:00:00'),
(5079,51,8,'2024-12-08 15:00:00'),
(5080,51,10,'2024-12-08 15:00:00'),
(5081,51,11,'2024-12-08 15:00:00'),
(5082,51,3,'2024-12-08 16:00:00'),
(5083,51,4,'2024-12-08 16:00:00'),
(5084,51,5,'2024-12-08 16:00:00'),
(5085,51,6,'2024-12-08 16:00:00'),
(5086,51,7,'2024-12-08 16:00:00'),
(5087,51,8,'2024-12-08 16:00:00'),
(5088,51,10,'2024-12-08 16:00:00'),
(5089,51,11,'2024-12-08 16:00:00'),
(5090,51,3,'2024-12-08 17:00:00'),
(5091,51,4,'2024-12-08 17:00:00'),
(5092,51,5,'2024-12-08 17:00:00'),
(5093,51,6,'2024-12-08 17:00:00'),
(5094,51,7,'2024-12-08 17:00:00'),
(5095,51,8,'2024-12-08 17:00:00'),
(5096,51,10,'2024-12-08 17:00:00'),
(5097,51,11,'2024-12-08 17:00:00'),
(5098,51,3,'2024-12-08 18:00:00'),
(5099,51,4,'2024-12-08 18:00:00'),
(5100,51,5,'2024-12-08 18:00:00'),
(5101,51,6,'2024-12-08 18:00:00'),
(5102,51,7,'2024-12-08 18:00:00'),
(5103,51,8,'2024-12-08 18:00:00'),
(5104,51,10,'2024-12-08 18:00:00'),
(5105,51,11,'2024-12-08 18:00:00'),
(5106,51,3,'2024-12-08 19:00:00'),
(5107,51,4,'2024-12-08 19:00:00'),
(5108,51,5,'2024-12-08 19:00:00'),
(5109,51,6,'2024-12-08 19:00:00'),
(5110,51,7,'2024-12-08 19:00:00'),
(5111,51,8,'2024-12-08 19:00:00'),
(5112,51,10,'2024-12-08 19:00:00'),
(5113,51,11,'2024-12-08 19:00:00'),
(5114,51,3,'2024-12-08 20:00:00'),
(5115,51,4,'2024-12-08 20:00:00'),
(5116,51,5,'2024-12-08 20:00:00'),
(5117,51,6,'2024-12-08 20:00:00'),
(5118,51,7,'2024-12-08 20:00:00'),
(5119,51,8,'2024-12-08 20:00:00'),
(5120,51,10,'2024-12-08 20:00:00'),
(5121,51,11,'2024-12-08 20:00:00'),
(5122,51,3,'2024-12-08 21:00:00'),
(5123,51,4,'2024-12-08 21:00:00'),
(5124,51,5,'2024-12-08 21:00:00'),
(5125,51,6,'2024-12-08 21:00:00'),
(5126,51,7,'2024-12-08 21:00:00'),
(5127,51,8,'2024-12-08 21:00:00'),
(5128,51,10,'2024-12-08 21:00:00'),
(5129,51,11,'2024-12-08 21:00:00'),
(5130,51,3,'2024-12-08 22:00:00'),
(5131,51,4,'2024-12-08 22:00:00'),
(5132,51,5,'2024-12-08 22:00:00'),
(5133,51,6,'2024-12-08 22:00:00'),
(5134,51,7,'2024-12-08 22:00:00'),
(5135,51,8,'2024-12-08 22:00:00'),
(5136,51,10,'2024-12-08 22:00:00'),
(5137,51,11,'2024-12-08 22:00:00'),
(5138,51,3,'2024-12-08 23:00:00'),
(5139,51,4,'2024-12-08 23:00:00'),
(5140,51,5,'2024-12-08 23:00:00'),
(5141,51,6,'2024-12-08 23:00:00'),
(5142,51,7,'2024-12-08 23:00:00'),
(5143,51,8,'2024-12-08 23:00:00'),
(5144,51,10,'2024-12-08 23:00:00'),
(5145,51,11,'2024-12-08 23:00:00'),
(5146,51,3,'2024-12-09 00:00:00'),
(5147,51,4,'2024-12-09 00:00:00'),
(5148,51,5,'2024-12-09 00:00:00'),
(5149,51,6,'2024-12-09 00:00:00'),
(5150,51,7,'2024-12-09 00:00:00'),
(5151,51,8,'2024-12-09 00:00:00'),
(5152,51,10,'2024-12-09 00:00:00'),
(5153,51,11,'2024-12-09 00:00:00'),
(5154,51,3,'2024-12-09 01:00:00'),
(5155,51,4,'2024-12-09 01:00:00'),
(5156,51,5,'2024-12-09 01:00:00'),
(5157,51,6,'2024-12-09 01:00:00'),
(5158,51,7,'2024-12-09 01:00:00'),
(5159,51,8,'2024-12-09 01:00:00'),
(5160,51,10,'2024-12-09 01:00:00'),
(5161,51,11,'2024-12-09 01:00:00'),
(5162,51,3,'2024-12-09 02:00:00'),
(5163,51,4,'2024-12-09 02:00:00'),
(5164,51,5,'2024-12-09 02:00:00'),
(5165,51,6,'2024-12-09 02:00:00'),
(5166,51,7,'2024-12-09 02:00:00'),
(5167,51,8,'2024-12-09 02:00:00'),
(5168,51,10,'2024-12-09 02:00:00'),
(5169,51,11,'2024-12-09 02:00:00'),
(5170,51,3,'2024-12-09 03:00:00'),
(5171,51,4,'2024-12-09 03:00:00'),
(5172,51,5,'2024-12-09 03:00:00'),
(5173,51,6,'2024-12-09 03:00:00'),
(5174,51,7,'2024-12-09 03:00:00'),
(5175,51,8,'2024-12-09 03:00:00'),
(5176,51,10,'2024-12-09 03:00:00'),
(5177,51,11,'2024-12-09 03:00:00'),
(5178,51,3,'2024-12-09 04:00:00'),
(5179,51,4,'2024-12-09 04:00:00'),
(5180,51,5,'2024-12-09 04:00:00'),
(5181,51,6,'2024-12-09 04:00:00'),
(5182,51,7,'2024-12-09 04:00:00'),
(5183,51,8,'2024-12-09 04:00:00'),
(5184,51,10,'2024-12-09 04:00:00'),
(5185,51,11,'2024-12-09 04:00:00'),
(5186,51,3,'2024-12-09 05:00:00'),
(5187,51,4,'2024-12-09 05:00:00'),
(5188,51,5,'2024-12-09 05:00:00'),
(5189,51,6,'2024-12-09 05:00:00'),
(5190,51,7,'2024-12-09 05:00:00'),
(5191,51,8,'2024-12-09 05:00:00'),
(5192,51,10,'2024-12-09 05:00:00'),
(5193,51,11,'2024-12-09 05:00:00'),
(5194,51,3,'2024-12-09 06:00:00'),
(5195,51,4,'2024-12-09 06:00:00'),
(5196,51,5,'2024-12-09 06:00:00'),
(5197,51,6,'2024-12-09 06:00:00'),
(5198,51,7,'2024-12-09 06:00:00'),
(5199,51,8,'2024-12-09 06:00:00'),
(5200,51,10,'2024-12-09 06:00:00'),
(5201,51,11,'2024-12-09 06:00:00'),
(5202,51,3,'2024-12-09 07:00:00'),
(5203,51,4,'2024-12-09 07:00:00'),
(5204,51,5,'2024-12-09 07:00:00'),
(5205,51,6,'2024-12-09 07:00:00'),
(5206,51,7,'2024-12-09 07:00:00'),
(5207,51,8,'2024-12-09 07:00:00'),
(5208,51,10,'2024-12-09 07:00:00'),
(5209,51,11,'2024-12-09 07:00:00'),
(5210,51,3,'2024-12-09 08:00:00'),
(5211,51,4,'2024-12-09 08:00:00'),
(5212,51,5,'2024-12-09 08:00:00'),
(5213,51,6,'2024-12-09 08:00:00'),
(5214,51,7,'2024-12-09 08:00:00'),
(5215,51,8,'2024-12-09 08:00:00'),
(5216,51,10,'2024-12-09 08:00:00'),
(5217,51,11,'2024-12-09 08:00:00'),
(5218,51,3,'2024-12-09 09:00:00'),
(5219,51,4,'2024-12-09 09:00:00'),
(5220,51,5,'2024-12-09 09:00:00'),
(5221,51,6,'2024-12-09 09:00:00'),
(5222,51,7,'2024-12-09 09:00:00'),
(5223,51,8,'2024-12-09 09:00:00'),
(5224,51,10,'2024-12-09 09:00:00'),
(5225,51,11,'2024-12-09 09:00:00'),
(5226,51,3,'2024-12-09 10:00:00'),
(5227,51,4,'2024-12-09 10:00:00'),
(5228,51,5,'2024-12-09 10:00:00'),
(5229,51,6,'2024-12-09 10:00:00'),
(5230,51,7,'2024-12-09 10:00:00'),
(5231,51,8,'2024-12-09 10:00:00'),
(5232,51,10,'2024-12-09 10:00:00'),
(5233,51,11,'2024-12-09 10:00:00'),
(5234,51,3,'2024-12-09 11:00:00'),
(5235,51,4,'2024-12-09 11:00:00'),
(5236,51,5,'2024-12-09 11:00:00'),
(5237,51,6,'2024-12-09 11:00:00'),
(5238,51,7,'2024-12-09 11:00:00'),
(5239,51,8,'2024-12-09 11:00:00'),
(5240,51,10,'2024-12-09 11:00:00'),
(5241,51,11,'2024-12-09 11:00:00'),
(5242,51,3,'2024-12-09 12:00:00'),
(5243,51,4,'2024-12-09 12:00:00'),
(5244,51,5,'2024-12-09 12:00:00'),
(5245,51,6,'2024-12-09 12:00:00'),
(5246,51,7,'2024-12-09 12:00:00'),
(5247,51,8,'2024-12-09 12:00:00'),
(5248,51,10,'2024-12-09 12:00:00'),
(5249,51,11,'2024-12-09 12:00:00'),
(5250,51,3,'2024-12-09 13:00:00'),
(5251,51,4,'2024-12-09 13:00:00'),
(5252,51,5,'2024-12-09 13:00:00'),
(5253,51,6,'2024-12-09 13:00:00'),
(5254,51,7,'2024-12-09 13:00:00'),
(5255,51,8,'2024-12-09 13:00:00'),
(5256,51,10,'2024-12-09 13:00:00'),
(5257,51,11,'2024-12-09 13:00:00'),
(5258,51,3,'2024-12-09 14:00:00'),
(5259,51,4,'2024-12-09 14:00:00'),
(5260,51,5,'2024-12-09 14:00:00'),
(5261,51,6,'2024-12-09 14:00:00'),
(5262,51,7,'2024-12-09 14:00:00'),
(5263,51,8,'2024-12-09 14:00:00'),
(5264,51,10,'2024-12-09 14:00:00'),
(5265,51,11,'2024-12-09 14:00:00'),
(5266,51,3,'2024-12-09 15:00:00'),
(5267,51,4,'2024-12-09 15:00:00'),
(5268,51,5,'2024-12-09 15:00:00'),
(5269,51,6,'2024-12-09 15:00:00'),
(5270,51,7,'2024-12-09 15:00:00'),
(5271,51,8,'2024-12-09 15:00:00'),
(5272,51,10,'2024-12-09 15:00:00'),
(5273,51,11,'2024-12-09 15:00:00'),
(5274,51,3,'2024-12-09 16:00:00'),
(5275,51,4,'2024-12-09 16:00:00'),
(5276,51,5,'2024-12-09 16:00:00'),
(5277,51,6,'2024-12-09 16:00:00'),
(5278,51,7,'2024-12-09 16:00:00'),
(5279,51,8,'2024-12-09 16:00:00'),
(5280,51,10,'2024-12-09 16:00:00'),
(5281,51,11,'2024-12-09 16:00:00'),
(5282,51,3,'2024-12-09 17:00:00'),
(5283,51,4,'2024-12-09 17:00:00'),
(5284,51,5,'2024-12-09 17:00:00'),
(5285,51,6,'2024-12-09 17:00:00'),
(5286,51,7,'2024-12-09 17:00:00'),
(5287,51,8,'2024-12-09 17:00:00'),
(5288,51,10,'2024-12-09 17:00:00'),
(5289,51,11,'2024-12-09 17:00:00'),
(5290,51,3,'2024-12-09 18:00:00'),
(5291,51,4,'2024-12-09 18:00:00'),
(5292,51,5,'2024-12-09 18:00:00'),
(5293,51,6,'2024-12-09 18:00:00'),
(5294,51,7,'2024-12-09 18:00:00'),
(5295,51,8,'2024-12-09 18:00:00'),
(5296,51,10,'2024-12-09 18:00:00'),
(5297,51,11,'2024-12-09 18:00:00'),
(5298,51,3,'2024-12-09 19:00:00'),
(5299,51,4,'2024-12-09 19:00:00'),
(5300,51,5,'2024-12-09 19:00:00'),
(5301,51,6,'2024-12-09 19:00:00'),
(5302,51,7,'2024-12-09 19:00:00'),
(5303,51,8,'2024-12-09 19:00:00'),
(5304,51,10,'2024-12-09 19:00:00'),
(5305,51,11,'2024-12-09 19:00:00'),
(5306,51,3,'2024-12-09 20:00:00'),
(5307,51,4,'2024-12-09 20:00:00'),
(5308,51,5,'2024-12-09 20:00:00'),
(5309,51,6,'2024-12-09 20:00:00'),
(5310,51,7,'2024-12-09 20:00:00'),
(5311,51,8,'2024-12-09 20:00:00'),
(5312,51,10,'2024-12-09 20:00:00'),
(5313,51,11,'2024-12-09 20:00:00'),
(5314,51,3,'2024-12-09 21:00:00'),
(5315,51,4,'2024-12-09 21:00:00'),
(5316,51,5,'2024-12-09 21:00:00'),
(5317,51,6,'2024-12-09 21:00:00'),
(5318,51,7,'2024-12-09 21:00:00'),
(5319,51,8,'2024-12-09 21:00:00'),
(5320,51,10,'2024-12-09 21:00:00'),
(5321,51,11,'2024-12-09 21:00:00'),
(5322,51,3,'2024-12-09 22:00:00'),
(5323,51,4,'2024-12-09 22:00:00'),
(5324,51,5,'2024-12-09 22:00:00'),
(5325,51,6,'2024-12-09 22:00:00'),
(5326,51,7,'2024-12-09 22:00:00'),
(5327,51,8,'2024-12-09 22:00:00'),
(5328,51,10,'2024-12-09 22:00:00'),
(5329,51,11,'2024-12-09 22:00:00'),
(5330,51,3,'2024-12-09 23:00:00'),
(5331,51,4,'2024-12-09 23:00:00'),
(5332,51,5,'2024-12-09 23:00:00'),
(5333,51,6,'2024-12-09 23:00:00'),
(5334,51,7,'2024-12-09 23:00:00'),
(5335,51,8,'2024-12-09 23:00:00'),
(5336,51,10,'2024-12-09 23:00:00'),
(5337,51,11,'2024-12-09 23:00:00'),
(5338,51,3,'2024-12-10 00:00:00'),
(5339,51,4,'2024-12-10 00:00:00'),
(5340,51,5,'2024-12-10 00:00:00'),
(5341,51,6,'2024-12-10 00:00:00'),
(5342,51,7,'2024-12-10 00:00:00'),
(5343,51,8,'2024-12-10 00:00:00'),
(5344,51,10,'2024-12-10 00:00:00'),
(5345,51,11,'2024-12-10 00:00:00'),
(5346,51,3,'2024-12-10 01:00:00'),
(5347,51,4,'2024-12-10 01:00:00'),
(5348,51,5,'2024-12-10 01:00:00'),
(5349,51,6,'2024-12-10 01:00:00'),
(5350,51,7,'2024-12-10 01:00:00'),
(5351,51,8,'2024-12-10 01:00:00'),
(5352,51,10,'2024-12-10 01:00:00'),
(5353,51,11,'2024-12-10 01:00:00'),
(5354,51,3,'2024-12-10 02:00:00'),
(5355,51,4,'2024-12-10 02:00:00'),
(5356,51,5,'2024-12-10 02:00:00'),
(5357,51,6,'2024-12-10 02:00:00'),
(5358,51,7,'2024-12-10 02:00:00'),
(5359,51,8,'2024-12-10 02:00:00'),
(5360,51,10,'2024-12-10 02:00:00'),
(5361,51,11,'2024-12-10 02:00:00'),
(5362,51,3,'2024-12-10 03:00:00'),
(5363,51,4,'2024-12-10 03:00:00'),
(5364,51,5,'2024-12-10 03:00:00'),
(5365,51,6,'2024-12-10 03:00:00'),
(5366,51,7,'2024-12-10 03:00:00'),
(5367,51,8,'2024-12-10 03:00:00'),
(5368,51,10,'2024-12-10 03:00:00'),
(5369,51,11,'2024-12-10 03:00:00'),
(5370,51,3,'2024-12-10 04:00:00'),
(5371,51,4,'2024-12-10 04:00:00'),
(5372,51,5,'2024-12-10 04:00:00'),
(5373,51,6,'2024-12-10 04:00:00'),
(5374,51,7,'2024-12-10 04:00:00'),
(5375,51,8,'2024-12-10 04:00:00'),
(5376,51,10,'2024-12-10 04:00:00'),
(5377,51,11,'2024-12-10 04:00:00'),
(5378,51,3,'2024-12-10 05:00:00'),
(5379,51,4,'2024-12-10 05:00:00'),
(5380,51,5,'2024-12-10 05:00:00'),
(5381,51,6,'2024-12-10 05:00:00'),
(5382,51,7,'2024-12-10 05:00:00'),
(5383,51,8,'2024-12-10 05:00:00'),
(5384,51,10,'2024-12-10 05:00:00'),
(5385,51,11,'2024-12-10 05:00:00'),
(5386,51,3,'2024-12-10 06:00:00'),
(5387,51,4,'2024-12-10 06:00:00'),
(5388,51,5,'2024-12-10 06:00:00'),
(5389,51,6,'2024-12-10 06:00:00'),
(5390,51,7,'2024-12-10 06:00:00'),
(5391,51,8,'2024-12-10 06:00:00'),
(5392,51,10,'2024-12-10 06:00:00'),
(5393,51,11,'2024-12-10 06:00:00'),
(5394,51,3,'2024-12-10 07:00:00'),
(5395,51,4,'2024-12-10 07:00:00'),
(5396,51,5,'2024-12-10 07:00:00'),
(5397,51,6,'2024-12-10 07:00:00'),
(5398,51,7,'2024-12-10 07:00:00'),
(5399,51,8,'2024-12-10 07:00:00'),
(5400,51,10,'2024-12-10 07:00:00'),
(5401,51,11,'2024-12-10 07:00:00'),
(5402,51,3,'2024-12-10 08:00:00'),
(5403,51,4,'2024-12-10 08:00:00'),
(5404,51,5,'2024-12-10 08:00:00'),
(5405,51,6,'2024-12-10 08:00:00'),
(5406,51,7,'2024-12-10 08:00:00'),
(5407,51,8,'2024-12-10 08:00:00'),
(5408,51,10,'2024-12-10 08:00:00'),
(5409,51,11,'2024-12-10 08:00:00'),
(5410,51,3,'2024-12-10 09:00:00'),
(5411,51,4,'2024-12-10 09:00:00'),
(5412,51,5,'2024-12-10 09:00:00'),
(5413,51,6,'2024-12-10 09:00:00'),
(5414,51,7,'2024-12-10 09:00:00'),
(5415,51,8,'2024-12-10 09:00:00'),
(5416,51,10,'2024-12-10 09:00:00'),
(5417,51,11,'2024-12-10 09:00:00'),
(5418,51,3,'2024-12-10 10:00:00'),
(5419,51,4,'2024-12-10 10:00:00'),
(5420,51,5,'2024-12-10 10:00:00'),
(5421,51,6,'2024-12-10 10:00:00'),
(5422,51,7,'2024-12-10 10:00:00'),
(5423,51,8,'2024-12-10 10:00:00'),
(5424,51,10,'2024-12-10 10:00:00'),
(5425,51,11,'2024-12-10 10:00:00'),
(5426,51,3,'2024-12-10 11:00:00'),
(5427,51,4,'2024-12-10 11:00:00'),
(5428,51,5,'2024-12-10 11:00:00'),
(5429,51,6,'2024-12-10 11:00:00'),
(5430,51,7,'2024-12-10 11:00:00'),
(5431,51,8,'2024-12-10 11:00:00'),
(5432,51,10,'2024-12-10 11:00:00'),
(5433,51,11,'2024-12-10 11:00:00'),
(5434,51,3,'2024-12-10 12:00:00'),
(5435,51,4,'2024-12-10 12:00:00'),
(5436,51,5,'2024-12-10 12:00:00'),
(5437,51,6,'2024-12-10 12:00:00'),
(5438,51,7,'2024-12-10 12:00:00'),
(5439,51,8,'2024-12-10 12:00:00'),
(5440,51,10,'2024-12-10 12:00:00'),
(5441,51,11,'2024-12-10 12:00:00'),
(5442,51,3,'2024-12-10 13:00:00'),
(5443,51,4,'2024-12-10 13:00:00'),
(5444,51,5,'2024-12-10 13:00:00'),
(5445,51,6,'2024-12-10 13:00:00'),
(5446,51,7,'2024-12-10 13:00:00'),
(5447,51,8,'2024-12-10 13:00:00'),
(5448,51,10,'2024-12-10 13:00:00'),
(5449,51,11,'2024-12-10 13:00:00'),
(5450,51,3,'2024-12-10 14:00:00'),
(5451,51,4,'2024-12-10 14:00:00'),
(5452,51,5,'2024-12-10 14:00:00'),
(5453,51,6,'2024-12-10 14:00:00'),
(5454,51,7,'2024-12-10 14:00:00'),
(5455,51,8,'2024-12-10 14:00:00'),
(5456,51,10,'2024-12-10 14:00:00'),
(5457,51,11,'2024-12-10 14:00:00'),
(5458,51,3,'2024-12-10 15:00:00'),
(5459,51,4,'2024-12-10 15:00:00'),
(5460,51,5,'2024-12-10 15:00:00'),
(5461,51,6,'2024-12-10 15:00:00'),
(5462,51,7,'2024-12-10 15:00:00'),
(5463,51,8,'2024-12-10 15:00:00'),
(5464,51,10,'2024-12-10 15:00:00'),
(5465,51,11,'2024-12-10 15:00:00'),
(5466,51,3,'2024-12-10 16:00:00'),
(5467,51,4,'2024-12-10 16:00:00'),
(5468,51,5,'2024-12-10 16:00:00'),
(5469,51,6,'2024-12-10 16:00:00'),
(5470,51,7,'2024-12-10 16:00:00'),
(5471,51,8,'2024-12-10 16:00:00'),
(5472,51,10,'2024-12-10 16:00:00'),
(5473,51,11,'2024-12-10 16:00:00'),
(5474,51,3,'2024-12-10 17:00:00'),
(5475,51,4,'2024-12-10 17:00:00'),
(5476,51,5,'2024-12-10 17:00:00'),
(5477,51,6,'2024-12-10 17:00:00'),
(5478,51,7,'2024-12-10 17:00:00'),
(5479,51,8,'2024-12-10 17:00:00'),
(5480,51,10,'2024-12-10 17:00:00'),
(5481,51,11,'2024-12-10 17:00:00'),
(5482,51,3,'2024-12-10 18:00:00'),
(5483,51,4,'2024-12-10 18:00:00'),
(5484,51,5,'2024-12-10 18:00:00'),
(5485,51,6,'2024-12-10 18:00:00'),
(5486,51,7,'2024-12-10 18:00:00'),
(5487,51,8,'2024-12-10 18:00:00'),
(5488,51,10,'2024-12-10 18:00:00'),
(5489,51,11,'2024-12-10 18:00:00'),
(5490,51,3,'2024-12-10 19:00:00'),
(5491,51,4,'2024-12-10 19:00:00'),
(5492,51,5,'2024-12-10 19:00:00'),
(5493,51,6,'2024-12-10 19:00:00'),
(5494,51,7,'2024-12-10 19:00:00'),
(5495,51,8,'2024-12-10 19:00:00'),
(5496,51,10,'2024-12-10 19:00:00'),
(5497,51,11,'2024-12-10 19:00:00'),
(5498,51,3,'2024-12-10 20:00:00'),
(5499,51,4,'2024-12-10 20:00:00'),
(5500,51,5,'2024-12-10 20:00:00'),
(5501,51,6,'2024-12-10 20:00:00'),
(5502,51,7,'2024-12-10 20:00:00'),
(5503,51,8,'2024-12-10 20:00:00'),
(5504,51,10,'2024-12-10 20:00:00'),
(5505,51,11,'2024-12-10 20:00:00'),
(5506,51,3,'2024-12-10 21:00:00'),
(5507,51,4,'2024-12-10 21:00:00'),
(5508,51,5,'2024-12-10 21:00:00'),
(5509,51,6,'2024-12-10 21:00:00'),
(5510,51,7,'2024-12-10 21:00:00'),
(5511,51,8,'2024-12-10 21:00:00'),
(5512,51,10,'2024-12-10 21:00:00'),
(5513,51,11,'2024-12-10 21:00:00'),
(5514,51,3,'2024-12-10 22:00:00'),
(5515,51,4,'2024-12-10 22:00:00'),
(5516,51,5,'2024-12-10 22:00:00'),
(5517,51,6,'2024-12-10 22:00:00'),
(5518,51,7,'2024-12-10 22:00:00'),
(5519,51,8,'2024-12-10 22:00:00'),
(5520,51,10,'2024-12-10 22:00:00'),
(5521,51,11,'2024-12-10 22:00:00'),
(5522,51,3,'2024-12-10 23:00:00'),
(5523,51,4,'2024-12-10 23:00:00'),
(5524,51,5,'2024-12-10 23:00:00'),
(5525,51,6,'2024-12-10 23:00:00'),
(5526,51,7,'2024-12-10 23:00:00'),
(5527,51,8,'2024-12-10 23:00:00'),
(5528,51,10,'2024-12-10 23:00:00'),
(5529,51,11,'2024-12-10 23:00:00'),
(5530,51,3,'2024-12-11 00:00:00'),
(5531,51,4,'2024-12-11 00:00:00'),
(5532,51,5,'2024-12-11 00:00:00'),
(5533,51,6,'2024-12-11 00:00:00'),
(5534,51,7,'2024-12-11 00:00:00'),
(5535,51,8,'2024-12-11 00:00:00'),
(5536,51,10,'2024-12-11 00:00:00'),
(5537,51,11,'2024-12-11 00:00:00'),
(5538,51,3,'2024-12-11 01:00:00'),
(5539,51,4,'2024-12-11 01:00:00'),
(5540,51,5,'2024-12-11 01:00:00'),
(5541,51,6,'2024-12-11 01:00:00'),
(5542,51,7,'2024-12-11 01:00:00'),
(5543,51,8,'2024-12-11 01:00:00'),
(5544,51,10,'2024-12-11 01:00:00'),
(5545,51,11,'2024-12-11 01:00:00'),
(5546,51,3,'2024-12-11 02:00:00'),
(5547,51,4,'2024-12-11 02:00:00'),
(5548,51,5,'2024-12-11 02:00:00'),
(5549,51,6,'2024-12-11 02:00:00'),
(5550,51,7,'2024-12-11 02:00:00'),
(5551,51,8,'2024-12-11 02:00:00'),
(5552,51,10,'2024-12-11 02:00:00'),
(5553,51,11,'2024-12-11 02:00:00'),
(5554,51,3,'2024-12-11 03:00:00'),
(5555,51,4,'2024-12-11 03:00:00'),
(5556,51,5,'2024-12-11 03:00:00'),
(5557,51,6,'2024-12-11 03:00:00'),
(5558,51,7,'2024-12-11 03:00:00'),
(5559,51,8,'2024-12-11 03:00:00'),
(5560,51,10,'2024-12-11 03:00:00'),
(5561,51,11,'2024-12-11 03:00:00'),
(5562,51,3,'2024-12-11 04:00:00'),
(5563,51,4,'2024-12-11 04:00:00'),
(5564,51,5,'2024-12-11 04:00:00'),
(5565,51,6,'2024-12-11 04:00:00'),
(5566,51,7,'2024-12-11 04:00:00'),
(5567,51,8,'2024-12-11 04:00:00'),
(5568,51,10,'2024-12-11 04:00:00'),
(5569,51,11,'2024-12-11 04:00:00'),
(5570,51,3,'2024-12-11 05:00:00'),
(5571,51,4,'2024-12-11 05:00:00'),
(5572,51,5,'2024-12-11 05:00:00'),
(5573,51,6,'2024-12-11 05:00:00'),
(5574,51,7,'2024-12-11 05:00:00'),
(5575,51,8,'2024-12-11 05:00:00'),
(5576,51,10,'2024-12-11 05:00:00'),
(5577,51,11,'2024-12-11 05:00:00'),
(5578,51,3,'2024-12-11 06:00:00'),
(5579,51,4,'2024-12-11 06:00:00'),
(5580,51,5,'2024-12-11 06:00:00'),
(5581,51,6,'2024-12-11 06:00:00'),
(5582,51,7,'2024-12-11 06:00:00'),
(5583,51,8,'2024-12-11 06:00:00'),
(5584,51,10,'2024-12-11 06:00:00'),
(5585,51,11,'2024-12-11 06:00:00'),
(5586,51,3,'2024-12-11 07:00:00'),
(5587,51,4,'2024-12-11 07:00:00'),
(5588,51,5,'2024-12-11 07:00:00'),
(5589,51,6,'2024-12-11 07:00:00'),
(5590,51,7,'2024-12-11 07:00:00'),
(5591,51,8,'2024-12-11 07:00:00'),
(5592,51,10,'2024-12-11 07:00:00'),
(5593,51,11,'2024-12-11 07:00:00'),
(5594,51,3,'2024-12-11 08:00:00'),
(5595,51,4,'2024-12-11 08:00:00'),
(5596,51,5,'2024-12-11 08:00:00'),
(5597,51,6,'2024-12-11 08:00:00'),
(5598,51,7,'2024-12-11 08:00:00'),
(5599,51,8,'2024-12-11 08:00:00'),
(5600,51,10,'2024-12-11 08:00:00'),
(5601,51,11,'2024-12-11 08:00:00'),
(5602,51,3,'2024-12-11 09:00:00'),
(5603,51,4,'2024-12-11 09:00:00'),
(5604,51,5,'2024-12-11 09:00:00'),
(5605,51,6,'2024-12-11 09:00:00'),
(5606,51,7,'2024-12-11 09:00:00'),
(5607,51,8,'2024-12-11 09:00:00'),
(5608,51,10,'2024-12-11 09:00:00'),
(5609,51,11,'2024-12-11 09:00:00'),
(5610,51,3,'2024-12-11 10:00:00'),
(5611,51,4,'2024-12-11 10:00:00'),
(5612,51,5,'2024-12-11 10:00:00'),
(5613,51,6,'2024-12-11 10:00:00'),
(5614,51,7,'2024-12-11 10:00:00'),
(5615,51,8,'2024-12-11 10:00:00'),
(5616,51,10,'2024-12-11 10:00:00'),
(5617,51,11,'2024-12-11 10:00:00'),
(5618,51,3,'2024-12-11 11:00:00'),
(5619,51,4,'2024-12-11 11:00:00'),
(5620,51,5,'2024-12-11 11:00:00'),
(5621,51,6,'2024-12-11 11:00:00'),
(5622,51,7,'2024-12-11 11:00:00'),
(5623,51,8,'2024-12-11 11:00:00'),
(5624,51,10,'2024-12-11 11:00:00'),
(5625,51,11,'2024-12-11 11:00:00'),
(5626,51,3,'2024-12-11 12:00:00'),
(5627,51,4,'2024-12-11 12:00:00'),
(5628,51,5,'2024-12-11 12:00:00'),
(5629,51,6,'2024-12-11 12:00:00'),
(5630,51,7,'2024-12-11 12:00:00'),
(5631,51,8,'2024-12-11 12:00:00'),
(5632,51,10,'2024-12-11 12:00:00'),
(5633,51,11,'2024-12-11 12:00:00');

/*Table structure for table `reserved_services` */

DROP TABLE IF EXISTS `reserved_services`;

CREATE TABLE `reserved_services` (
  `id` bigint(20) unsigned NOT NULL AUTO_INCREMENT,
  `host_id` bigint(20) unsigned NOT NULL,
  `user_id` bigint(20) unsigned NOT NULL,
  `reservation_id` bigint(20) unsigned NOT NULL,
  `service_id` bigint(20) unsigned NOT NULL,
  `amount` decimal(9,2) DEFAULT NULL,
  `paymentstatus` tinyint(4) NOT NULL,
  `added_on` timestamp NOT NULL DEFAULT current_timestamp() ON UPDATE current_timestamp(),
  PRIMARY KEY (`id`),
  KEY `host_id` (`host_id`),
  KEY `user_id` (`user_id`),
  KEY `reservation_id` (`reservation_id`),
  KEY `service_id` (`service_id`),
  KEY `paymentstatus` (`paymentstatus`),
  KEY `added_on` (`added_on`),
  CONSTRAINT `reserved_services_host_id_foreign` FOREIGN KEY (`host_id`) REFERENCES `users` (`id`),
  CONSTRAINT `reserved_services_user_id_foreign` FOREIGN KEY (`user_id`) REFERENCES `users` (`id`)
) ENGINE=InnoDB AUTO_INCREMENT=28 DEFAULT CHARSET=utf8mb4 COLLATE=utf8mb4_unicode_ci;

/*Data for the table `reserved_services` */

insert  into `reserved_services`(`id`,`host_id`,`user_id`,`reservation_id`,`service_id`,`amount`,`paymentstatus`,`added_on`) values 
(1,1,1,46,2,600.00,0,'2024-11-19 12:26:16'),
(2,1,1,46,5,500.00,0,'2024-11-19 12:26:16'),
(3,1,1,47,2,300.00,0,'2024-11-19 14:05:04'),
(4,1,1,47,5,500.00,0,'2024-11-19 14:05:04'),
(5,1,1,47,6,500.00,0,'2024-11-19 14:05:04'),
(6,1,1,48,2,900.00,0,'2024-11-19 15:39:20'),
(7,1,1,48,5,500.00,0,'2024-11-19 15:39:20'),
(8,1,1,48,6,500.00,0,'2024-11-19 15:39:20'),
(9,1,1,49,2,900.00,0,'2024-11-19 15:48:16'),
(10,1,1,49,5,500.00,0,'2024-11-19 15:48:16'),
(11,1,1,49,6,600.00,0,'2024-11-19 15:48:16'),
(12,1,1,50,2,1500.00,0,'2024-11-19 18:20:24'),
(13,1,1,50,3,9750.00,0,'2024-11-19 18:20:24'),
(14,1,1,50,5,500.00,0,'2024-11-19 18:20:24'),
(15,1,1,51,1,2000.00,0,'2024-11-19 19:24:10'),
(16,1,1,51,10,15000.00,0,'2024-11-19 19:24:10'),
(17,1,1,51,2,1200.00,0,'2024-11-19 19:24:10'),
(18,1,1,51,8,750.00,0,'2024-11-19 19:24:10'),
(19,1,1,51,9,3000.00,0,'2024-11-19 19:24:10'),
(20,1,1,51,7,1500.00,0,'2024-11-19 19:24:10'),
(21,1,1,51,4,0.00,0,'2024-11-19 19:24:10'),
(22,1,1,51,3,9000.00,0,'2024-11-19 19:24:10'),
(23,1,1,51,20,6000.00,0,'2024-11-19 19:24:10'),
(24,1,1,51,5,500.00,0,'2024-11-19 19:24:10'),
(25,1,1,51,18,3000.00,0,'2024-11-19 19:24:10'),
(26,1,1,51,6,1500.00,0,'2024-11-19 19:24:10'),
(27,1,1,51,19,5000.00,0,'2024-11-19 19:24:10');

/*Table structure for table `role_has_permissions` */

DROP TABLE IF EXISTS `role_has_permissions`;

CREATE TABLE `role_has_permissions` (
  `permission_id` bigint(20) unsigned NOT NULL,
  `role_id` bigint(20) unsigned NOT NULL,
  PRIMARY KEY (`permission_id`,`role_id`),
  KEY `role_has_permissions_role_id_foreign` (`role_id`),
  CONSTRAINT `role_has_permissions_permission_id_foreign` FOREIGN KEY (`permission_id`) REFERENCES `permissions` (`id`) ON DELETE CASCADE,
  CONSTRAINT `role_has_permissions_role_id_foreign` FOREIGN KEY (`role_id`) REFERENCES `roles` (`id`) ON DELETE CASCADE
) ENGINE=InnoDB DEFAULT CHARSET=utf8mb4 COLLATE=utf8mb4_unicode_ci;

/*Data for the table `role_has_permissions` */

insert  into `role_has_permissions`(`permission_id`,`role_id`) values 
(1,2),
(2,2),
(3,2),
(4,2),
(5,2),
(5,3),
(5,5),
(6,2),
(6,4),
(7,2),
(7,3),
(8,2),
(8,3),
(9,2),
(9,3),
(10,2),
(10,3),
(10,6),
(11,2),
(11,3),
(11,5),
(11,6),
(12,2),
(12,3),
(12,5),
(12,6),
(13,2),
(13,3),
(13,5),
(13,6),
(14,2),
(14,3),
(14,5),
(14,6),
(15,2),
(15,3),
(15,5),
(15,6),
(16,2),
(16,3),
(16,5),
(16,6),
(17,2),
(17,3),
(17,5),
(17,6),
(18,2),
(18,3),
(18,6),
(19,2),
(19,3),
(20,2),
(21,2),
(22,2),
(23,2);

/*Table structure for table `roles` */

DROP TABLE IF EXISTS `roles`;

CREATE TABLE `roles` (
  `id` bigint(20) unsigned NOT NULL AUTO_INCREMENT,
  `name` varchar(255) NOT NULL,
  `guard_name` varchar(255) NOT NULL,
  `host_id` bigint(20) NOT NULL,
  `created_at` timestamp NULL DEFAULT NULL,
  `updated_at` timestamp NULL DEFAULT NULL,
  PRIMARY KEY (`id`),
  UNIQUE KEY `roles_name_guard_name_unique` (`name`,`guard_name`)
) ENGINE=InnoDB AUTO_INCREMENT=7 DEFAULT CHARSET=utf8mb4 COLLATE=utf8mb4_unicode_ci;

/*Data for the table `roles` */

insert  into `roles`(`id`,`name`,`guard_name`,`host_id`,`created_at`,`updated_at`) values 
(1,'Super Admin','web',0,'2024-10-25 13:55:54','2024-10-25 13:55:54'),
(2,'Admin','web',0,'2024-10-25 13:55:54','2024-10-25 13:55:54'),
(3,'Hotel Manager','web',0,'2024-10-25 13:55:54','2024-10-25 13:55:54'),
(4,'User','web',0,'2024-10-25 13:55:54','2024-10-25 13:55:54'),
(5,'Receptionist Lvl 1','web',0,'2024-11-19 20:09:16','2024-11-19 20:09:16'),
(6,'Receptionist Lvl 2','web',111,'2024-11-19 20:39:16','2024-11-19 20:39:16');

/*Table structure for table `room_status` */

DROP TABLE IF EXISTS `room_status`;

CREATE TABLE `room_status` (
  `id` bigint(20) unsigned NOT NULL AUTO_INCREMENT,
  `name` varchar(255) NOT NULL,
  PRIMARY KEY (`id`)
) ENGINE=InnoDB DEFAULT CHARSET=utf8mb4 COLLATE=utf8mb4_unicode_ci;

/*Data for the table `room_status` */

/*Table structure for table `room_types` */

DROP TABLE IF EXISTS `room_types`;

CREATE TABLE `room_types` (
  `id` bigint(20) unsigned NOT NULL AUTO_INCREMENT,
  `name` varchar(255) NOT NULL,
  PRIMARY KEY (`id`),
  UNIQUE KEY `room_types_name_unique` (`name`)
) ENGINE=InnoDB DEFAULT CHARSET=utf8mb4 COLLATE=utf8mb4_unicode_ci;

/*Data for the table `room_types` */

/*Table structure for table `rooms` */

DROP TABLE IF EXISTS `rooms`;

CREATE TABLE `rooms` (
  `id` bigint(20) unsigned NOT NULL AUTO_INCREMENT,
  `room_name` varchar(255) NOT NULL,
  `room_status_id` int(11) DEFAULT NULL,
  `host_id` bigint(20) unsigned NOT NULL,
  PRIMARY KEY (`id`),
  UNIQUE KEY `rooms_room_name_hosts_id_unique` (`room_name`,`host_id`),
  KEY `hosts_id` (`host_id`),
  KEY `room_name` (`room_name`)
) ENGINE=InnoDB AUTO_INCREMENT=12 DEFAULT CHARSET=utf8mb4 COLLATE=utf8mb4_unicode_ci;

/*Data for the table `rooms` */

insert  into `rooms`(`id`,`room_name`,`room_status_id`,`host_id`) values 
(3,'Casita Room 2',1,1),
(4,'Casita Room 3',1,1),
(5,'Casita Room 4',1,1),
(6,'Casita Room 5',1,1),
(7,'Family Villa Room',1,1),
(8,'Family Villa Room 2',2,1),
(10,'Deluxe Room 1',1,1),
(11,'Deluxe Room 2',1,1);

/*Table structure for table `services` */

DROP TABLE IF EXISTS `services`;

CREATE TABLE `services` (
  `id` bigint(20) unsigned NOT NULL AUTO_INCREMENT,
  `host_id` bigint(20) unsigned NOT NULL,
  `user_id` bigint(20) unsigned NOT NULL,
  `service_name` varchar(255) NOT NULL,
  `service_desc` varchar(255) DEFAULT NULL,
  `period` tinyint(4) NOT NULL,
  `payment` tinyint(4) NOT NULL,
  `amount` decimal(9,2) NOT NULL,
  `added_on` timestamp NOT NULL DEFAULT current_timestamp() ON UPDATE current_timestamp(),
  PRIMARY KEY (`id`),
  UNIQUE KEY `services_service_name_host_id` (`host_id`,`service_name`),
  KEY `host_id` (`host_id`),
  KEY `user_id` (`user_id`),
  KEY `service_name` (`service_name`),
  KEY `period` (`period`),
  KEY `added_on` (`added_on`),
  CONSTRAINT `services_user_id_foreign` FOREIGN KEY (`user_id`) REFERENCES `users` (`id`)
) ENGINE=InnoDB AUTO_INCREMENT=21 DEFAULT CHARSET=utf8mb4 COLLATE=utf8mb4_unicode_ci;

/*Data for the table `services` */

insert  into `services`(`id`,`host_id`,`user_id`,`service_name`,`service_desc`,`period`,`payment`,`amount`,`added_on`) values 
(1,1,1,'Whole Body Massage',NULL,1,2,500.00,'2024-11-17 21:26:11'),
(2,1,1,'Pay Parking',NULL,1,2,300.00,'2024-11-17 21:25:44'),
(3,1,1,'Foot Massage',NULL,1,1,150.00,'2024-11-17 15:10:52'),
(4,1,1,'Free Parking',NULL,1,1,0.00,'2024-11-17 16:57:01'),
(5,1,1,'Cooking',NULL,2,2,500.00,'2024-11-17 15:11:55'),
(6,1,1,'Banana Boat','Banana boat',2,1,100.00,'2024-11-18 11:36:38'),
(7,1,1,'Kayak','kayako eto',2,1,100.00,'2024-11-18 13:59:05'),
(8,1,1,'Parasailing','parasail',2,1,50.00,'2024-11-18 13:59:07'),
(9,1,1,'Paragliding','paragl',2,1,200.00,'2024-11-18 13:59:08'),
(10,1,1,'Van Transfer(Terminal-Hotel-Terminal)','van',2,1,1000.00,'2024-11-18 13:59:10'),
(11,1,1,'Free Cooking','free',2,2,0.00,'2024-11-18 14:01:37'),
(18,1,1,'Birthday Setup',NULL,2,2,3000.00,'2024-11-18 15:39:31'),
(19,1,1,'Anniversary Setup',NULL,2,2,5000.00,'2024-11-18 20:35:16'),
(20,1,1,'Extra Towels','Extra Towel',1,1,100.00,'2024-11-18 22:28:24');

/*Table structure for table `sessions` */

DROP TABLE IF EXISTS `sessions`;

CREATE TABLE `sessions` (
  `id` varchar(255) NOT NULL,
  `user_id` bigint(20) unsigned DEFAULT NULL,
  `ip_address` varchar(45) DEFAULT NULL,
  `user_agent` text DEFAULT NULL,
  `payload` longtext NOT NULL,
  `last_activity` int(11) NOT NULL,
  PRIMARY KEY (`id`),
  KEY `sessions_user_id_index` (`user_id`),
  KEY `sessions_last_activity_index` (`last_activity`)
) ENGINE=InnoDB DEFAULT CHARSET=utf8mb4 COLLATE=utf8mb4_unicode_ci;

/*Data for the table `sessions` */

insert  into `sessions`(`id`,`user_id`,`ip_address`,`user_agent`,`payload`,`last_activity`) values 
('loir0Sx4gzHySfo54sswHlCN4uSRVYtLpK0SIn85',1,'::1','Mozilla/5.0 (Windows NT 10.0; Win64; x64) AppleWebKit/537.36 (KHTML, like Gecko) Chrome/130.0.0.0 Safari/537.36','YTo0OntzOjY6Il90b2tlbiI7czo0MDoidTNnNXl6UkhaVllvZVNqcFVJUHpYZ2JqMTFxWDhSaUtMNVpmc2VpQiI7czo2OiJfZmxhc2giO2E6Mjp7czozOiJvbGQiO2E6MDp7fXM6MzoibmV3IjthOjA6e319czo5OiJfcHJldmlvdXMiO2E6MTp7czozOiJ1cmwiO3M6NDU6Imh0dHA6Ly9sb2NhbGhvc3QvZ2Jvb2svcHVibGljL3Jlc2VydmF0aW9ucy8xMyI7fXM6NTA6ImxvZ2luX3dlYl81OWJhMzZhZGRjMmIyZjk0MDE1ODBmMDE0YzdmNThlYTRlMzA5ODlkIjtpOjE7fQ==',1732020328);

/*Table structure for table `users` */

DROP TABLE IF EXISTS `users`;

CREATE TABLE `users` (
  `id` bigint(20) unsigned NOT NULL AUTO_INCREMENT,
  `name` varchar(255) NOT NULL,
  `email` varchar(255) NOT NULL,
  `email_verified_at` timestamp NULL DEFAULT NULL,
  `password` varchar(255) NOT NULL,
  `remember_token` varchar(100) DEFAULT NULL,
  `created_at` timestamp NULL DEFAULT NULL,
  `updated_at` timestamp NULL DEFAULT NULL,
  `host_id` bigint(20) NOT NULL,
  PRIMARY KEY (`id`),
  UNIQUE KEY `users_email_unique` (`email`)
) ENGINE=InnoDB AUTO_INCREMENT=112 DEFAULT CHARSET=utf8mb4 COLLATE=utf8mb4_unicode_ci;

/*Data for the table `users` */

insert  into `users`(`id`,`name`,`email`,`email_verified_at`,`password`,`remember_token`,`created_at`,`updated_at`,`host_id`) values 
(1,'Mark Aspiras','maspiras@gmail.com',NULL,'$2y$12$l.v1kuplUt6w/KkvIngQ5OdUOqWbvUN0N0zpY1OfmB4rMmvy.4S/e','RgK7rgks4OR80eGxZURxeihpqi6f0XoKVzK15ooIY3NTge0UM2nNGjXq51Kt','2024-10-25 13:55:54','2024-10-25 13:55:54',1),
(108,'Izah  Aspiras','tripcomfytravel@gmail.com',NULL,'$2y$12$2ymsbo37YGUwnlGiTFNGgOT0S34ZtbVie0LkI/0spGlAWPhg67oY6','6xv2YoP84yvMVINvhY0LJGKeH0JRvPV06sjfWxPrDwv4BpkwAxiJZcJYHJQL','2024-11-14 10:32:29','2024-11-14 10:34:05',1),
(109,'Janice','Janice@gmail.com',NULL,'$2y$12$iu3tgDIzRtrmAtW16sxvCet0bD00vJ.gq3l9kCw5BtloL8z97PETa',NULL,'2024-11-14 10:33:29','2024-11-14 10:33:29',1),
(110,'Mark','mcaspiras@yahoo.com',NULL,'$2y$12$tbJVbbb1AwoVTvVWRYcCR.ZNMaQPq12ABUeq8wrwy4bd1JRiwnGke',NULL,'2024-11-19 18:27:59','2024-11-19 18:27:59',110),
(111,'Zeus Aspiras','zeus@yahoo.com',NULL,'$2y$12$jVJ8.Ee/oGqS0NHbCjo8IOLox8/z81utGkKotx2cDtIT3wErdfnYO',NULL,'2024-11-19 20:26:25','2024-11-19 20:26:25',111);

/*!40101 SET SQL_MODE=@OLD_SQL_MODE */;
/*!40014 SET FOREIGN_KEY_CHECKS=@OLD_FOREIGN_KEY_CHECKS */;
/*!40014 SET UNIQUE_CHECKS=@OLD_UNIQUE_CHECKS */;
/*!40111 SET SQL_NOTES=@OLD_SQL_NOTES */;
